,momentum_12_1,short_term_reversal,low_volatility
2021-01-04,-0.006743723379965372,-0.000505440189751627,-0.009384329061434271
2021-01-05,-0.010753067395389226,-0.004780456454353654,-0.01654783154762879
2021-01-06,-0.035387656333858375,-0.01071418235849908,-0.019479290081609174
2021-01-07,0.01322114431438226,-0.00993973385135724,0.002759509611985539
2021-01-08,-0.004799359249290258,0.000756755494155964,-0.00098287806192493
2021-01-11,-0.007904749229240254,-0.005456872571762084,-0.009452939191190751
2021-01-12,-0.012277945407924123,-0.007677256403971239,-0.008541530067257053
2021-01-13,0.0019024993230864484,-0.006175665363629096,-0.003000964248142307
2021-01-14,-0.02492226616077195,-0.011456453913417541,-0.024809462116673453
2021-01-15,0.012617407648101264,0.02157905024020121,0.027247227281066377
2021-01-19,-0.006977059009310171,0.011809469633935449,-0.009250403787132766
2021-01-20,0.012127191452165897,0.0020800102694003564,0.004307336425720176
2021-01-21,0.02872627252098417,0.0011492702276699462,0.021031762158631034
2021-01-22,0.000384245272637862,0.0018923085762663772,0.009818065608733051
2021-01-25,0.004109920579751014,0.0027121498278240563,0.009967494693886692
2021-01-26,0.00817258993560932,0.0021689959442324214,0.010600671626616348
2021-01-27,-0.01058150788443793,-0.006946904176689306,-0.0008708475848323294
2021-01-28,-0.0032697269738071744,0.004290347058730798,0.003883376094245272
2021-01-29,0.013750266657955201,6.170466323501822e-05,0.003556124550568057
2021-02-01,0.011419555175200657,-0.004543080411688355,0.003599269461452309
2021-02-02,0.0029830151940262173,-0.0059500636983881305,-0.004043430214085653
2021-02-03,-0.020737665954782852,0.00201197123234248,-0.009774051183264132
2021-02-04,-0.0010446949750512746,-0.006854570357521739,-0.001688260679509418
2021-02-05,-0.00886307541025494,0.0025334976399881692,-0.008878111715377945
2021-02-08,-0.0035630183116776015,-0.006307162216250134,-0.015650935774518093
2021-02-09,-3.939347005799121e-05,0.0011664607769805435,0.00277897030650176
2021-02-10,0.0006807630733514369,0.0019406954850716973,-0.005947090995986393
2021-02-11,0.013988867580890907,-0.0007326832527055904,0.007867994094034575
2021-02-12,-0.008402522580632538,-0.0032441925529403393,-0.003933556445946174
2021-02-16,-0.007146643000331021,0.0007203421150517308,-0.015870629624303273
2021-02-17,-0.015263847811397613,0.008441068006903224,-0.005270646614988828
2021-02-18,0.0065127196862166115,0.002505005732199417,0.007799752651524022
2021-02-19,-0.008027336002654872,-0.01520105237740732,-0.009690972543881349
2021-02-22,-0.03085156885398377,0.0018958069496455288,-0.026062458802143806
2021-02-23,-0.009244605659536637,-0.0040610423925427075,-0.015728795269700085
2021-02-24,-0.013153190921107616,-0.01619725616563994,-0.02215659305944981
2021-02-25,-0.02217687653650413,-0.0027648910193591725,-0.003997502861896013
2021-02-26,0.022543344367217305,0.01166008910227917,0.01869956889931404
2021-03-01,-0.00783864471437945,-0.012397914648973551,-0.006379315477142766
2021-03-02,-0.011459321806527312,-0.0023976917989599333,-0.004002655648794429
2021-03-03,-0.023262709826381955,-0.0028018231198181642,-0.014372439534642983
2021-03-04,-0.02264825839584267,0.0037320981804857545,-0.019040989133437963
2021-03-05,-0.016452774090359223,0.007796635886293701,-0.012268521888742778
2021-03-08,-0.022934457781802114,0.002158222783796876,-0.0005849541866200236
2021-03-09,0.033905547569411026,0.0084671310328496,0.01717881967017995
2021-03-10,-0.013408713760984292,-0.004360391426104088,-0.010617640415231056
2021-03-11,0.017372193946113,0.006741557173345014,0.009782990360056532
2021-03-12,-0.008103796672009222,-0.0040473619759287816,-0.0010260325695943817
2021-03-15,0.015197054492141204,0.005827130430717753,0.013292786437941045
2021-03-16,0.013938308645551373,0.00817705665337859,0.017482040072688027
2021-03-17,0.002482310249946884,0.0016594611082731137,-0.004526892316194131
2021-03-18,-0.0003561251619211836,0.004315601234337607,0.01595714887596733
2021-03-19,0.009484894952928147,0.019404059391556427,0.008028395374273828
2021-03-22,0.014144377775809042,-0.0007292651428105201,0.01058097178258835
2021-03-23,0.00442535992011453,0.005713390131686175,0.007059247897491794
2021-03-24,-0.023963551623734647,0.0024345486666311755,-0.01160649697488464
2021-03-25,-0.005609061735544485,-0.001715944384421214,0.00029683343614236857
2021-03-26,-0.006006336521620748,0.010520738919496786,-0.0025105764601593417
2021-03-29,0.006709217829628578,0.006461448656253366,9.67259376649654e-06
2021-03-30,0.00226873138601838,-0.002007979464908355,0.003972077578451916
2021-03-31,0.01891175734485076,0.0051020764461165435,0.01106236034859373
2021-04-01,0.004812202250183584,0.0033242153389108076,-0.00025109896514879937
2021-04-05,0.015188137156598919,0.01202844336108827,0.01995504205137341
2021-04-06,0.008543301938923747,0.005440699748987282,-0.0022478939485423843
2021-04-07,0.0031300399925398015,-0.003812263952242656,-0.006367722723289254
2021-04-08,0.007267186464106512,-0.0006046101074848875,0.0005950149436601548
2021-04-09,-0.00682020135232142,-0.004198748698582666,0.010764986535687832
2021-04-12,-0.003738164790041937,-0.001362707959899817,-0.011181234480077934
2021-04-13,0.004429117036445274,-0.00045584842818588434,-0.010166340432637061
2021-04-14,0.0009306828174843462,0.018974359868796753,-0.0003496102530438916
2021-04-15,-0.004633030055449572,-0.005350173155589777,-0.0008990159153284272
2021-04-16,-0.002632888099559222,-0.0014319520762175186,0.009663292326708539
2021-04-19,0.003522278609582513,0.003929898884474925,0.007761598001740366
2021-04-20,-0.01345574761025567,-0.011564481449527375,0.010447371619305201
2021-04-21,0.00031288118733596715,0.005202977838356576,-0.0033556762271177987
2021-04-22,-0.0013503393718987122,0.0009939149879912013,0.00669664534644393
2021-04-23,0.006665817170379951,0.0020031843235523428,-0.004076775757384243
2021-04-26,0.009605962036260851,0.004991548201702223,-0.009768546774365783
2021-04-27,0.0020410697631568775,0.004635030285692565,-0.002113116229676665
2021-04-28,0.00018957602826241704,0.006380618745544769,-0.006456591017693136
2021-04-29,-0.00550868900928167,-0.015584472929981719,0.004455612287598942
2021-04-30,-0.003989398133293243,-0.00576778435644662,0.009358215093824757
2021-05-03,-0.006267908282432344,0.004952401009074459,0.005525107658168771
2021-05-04,-0.014317904056739744,0.002722233981776151,0.01185117548126327
2021-05-05,0.005884532410687954,0.016241599907485194,-0.009222410290067679
2021-05-06,0.0033773178386591884,8.381221979114617e-05,0.002167022877347047
2021-05-07,0.0018413871048200137,0.006432947778241299,-0.005702141449963505
2021-05-10,-0.011258150263003142,0.008004675868671263,0.011940484694393405
2021-05-11,0.005331857908697335,-0.006681643804134607,-0.0058844248215607076
2021-05-12,0.0041027897159365,0.01107923580949996,-0.005939373274500309
2021-05-13,-0.0010168070543241647,-0.008850020084704147,0.013383381083159368
2021-05-14,0.01251712614770642,0.00576542784236736,-0.01738339148415033
2021-05-17,0.0015209529442775371,0.009343272255328605,-0.007991506089200462
2021-05-18,-0.004510658144943169,-0.003344895009360388,0.00824179654837534
2021-05-19,-0.0022069489856752778,-0.011349077703158184,0.002755395918951603
2021-05-20,0.00560184197863961,-0.0047716764622111885,-0.00849655016776088
2021-05-21,-0.0009153415975161894,0.006812978035117073,-0.0051019619358409485
2021-05-24,0.005863419866693559,-0.0015910975748373302,-0.014420193482710536
2021-05-25,-0.005753406564613789,-0.012177877657720965,0.007883539122476024
2021-05-26,0.0013290674758124066,0.0045414994640397555,-0.00319821260031089
2021-05-27,-0.0012187392709919198,-0.003928454658081781,0.005813535901098038
2021-05-28,0.0003089825422043224,0.003382597738649462,-0.011762718728772825
2021-06-01,0.011534429541354307,0.017687950549264753,-0.014453490280796483
2021-06-02,0.003893556581316293,0.0037593337363250323,-0.011552334465893876
2021-06-03,0.0005409719298420657,0.008225893145370006,-0.0039749442393835765
2021-06-04,0.008270059011894454,-0.00010859093948364928,-0.011826649152739815
2021-06-07,0.002084614304490251,-0.007599276954908446,-0.003118061085721019
2021-06-08,-0.0022492321292496287,0.0035901596172833727,-0.0004352581018455537
2021-06-09,0.002782512446315527,0.006277105211060202,-0.003995982275630833
2021-06-10,-0.008811474459176238,-0.007836436749358855,-0.0003283864053980623
2021-06-11,0.005452873967559835,-0.0006555020295919145,-0.0036786244469947105
2021-06-14,0.0031205421151719315,-0.006786405805555923,-0.0026801815424402076
2021-06-15,-0.001077408164165461,0.01035108015174832,-0.007526074182498427
2021-06-16,0.005668078549513761,0.006107554482345623,-0.004298291995916581
2021-06-17,-0.0035951841410027663,-0.019011933097270284,-0.0033162533528165727
2021-06-18,-0.006741007123043236,-0.00966493561347792,0.0021160472228122507
2021-06-21,6.0039274357270855e-05,0.009190026761588976,0.003480630281473357
2021-06-22,-0.0013749470861312285,-0.004437795639675557,-0.0064844728193296786
2021-06-23,0.004732951579772493,0.003984300497458515,-0.006892900601853186
2021-06-24,0.002561091143431893,0.004305760319558871,-0.0007280186078726936
2021-06-25,-0.005794378221979368,0.00043959545671515277,0.006974751069516422
2021-06-28,0.004732153853859222,-0.017388970971224077,-0.007789093752623516
2021-06-29,0.004468723030508992,0.0005898223070493203,0.002082772784142789
2021-06-30,0.0038110964038808315,0.00893160863485326,0.0004464042749841024
2021-07-01,-0.0072804022673442215,-0.009157527761502915,0.0015238946976969814
2021-07-02,0.0006839259247519436,-0.0020296166268488347,0.000616127604241401
2021-07-06,-0.018811871170847816,-0.013331644109365048,-0.0033429326611213728
2021-07-07,-0.004648187203694837,-0.0017291754523650338,0.009727056925202121
2021-07-08,-0.010363419228852533,-0.002193876688598384,0.004351482169627802
2021-07-09,0.017269061807589053,0.011812308957625639,-0.0011994984077569049
2021-07-12,0.010067138877402848,0.00474364479058767,-0.005606064196765903
2021-07-13,-0.007218322007319533,-0.0054611918879722,0.0018147871285142392
2021-07-14,-0.0035569308534361965,-0.0028836870190360187,0.007651294112732465
2021-07-15,0.0045845007162433615,0.011997993374056826,0.019241829765793805
2021-07-16,-0.007221559652992121,0.002699078768290064,0.011894627418750803
2021-07-19,-0.010025550650098108,-0.016826689080291057,-0.013846358257556618
2021-07-20,0.007989895437813643,0.007476455882974603,0.006208584822464919
2021-07-21,0.008548507031160668,0.001814491852469291,-0.012275839886705608
2021-07-22,-0.01158027600841699,-0.008462332270281037,-0.005040104901884612
2021-07-23,-0.003944494382412456,-0.002119547799640381,-0.006891337371023737
2021-07-26,0.0004954779846088608,0.005563646392559712,-0.002167107739851959
2021-07-27,0.006097960862366358,0.003804723981006203,0.002219497726679537
2021-07-28,1.4177778925317241e-05,-0.0007847532466344898,-0.012458247101629821
2021-07-29,0.006209188663220899,0.0011840143558958793,0.01122605332696186
2021-07-30,0.016538229153564815,-0.002066502604928716,0.004147013837207503
2021-08-02,0.0009892920995993038,-0.001432743547297527,0.0011268699472689325
2021-08-03,-0.00034838398234665613,0.00029505794513251526,0.007095769310663025
2021-08-04,-0.0029544594277229885,-0.009436668078170424,-0.012698353404223262
2021-08-05,0.0032065903098946746,0.0027548677723027715,-0.011316049015387936
2021-08-06,0.01829281457153606,0.020416252954586184,0.002846247927345169
2021-08-09,0.0021858187185681277,0.0019375791933467224,-0.0011998692297456315
2021-08-10,0.011348559972774147,0.013385181800157187,0.007376179700771229
2021-08-11,0.008316034904525621,0.009135985553610976,0.005492318839531357
2021-08-12,-0.0017089200250162695,-0.00615986670996771,-0.0077845470237586645
2021-08-13,-0.007240221903903277,-0.009246086699745165,-0.0036559631456755115
2021-08-16,-0.004994548107218527,-0.003559288683167239,0.008036457306017292
2021-08-17,0.0005220550252769407,0.0026142423542196702,0.0037648409767794266
2021-08-18,-0.0014144856415232443,0.005660069764008596,0.005442968582498042
2021-08-19,-0.009509316797404244,-0.015901011054558017,-0.002338971838682008
2021-08-20,-0.00517658678441324,-0.013220019333734956,-0.009874823865294147
2021-08-23,0.001334884653203694,-0.009556482569635594,-0.020153846114942503
2021-08-24,0.0045859409111070615,0.008004097964101842,-0.0029200464029703055
2021-08-25,0.008946726983019349,0.005230823706636162,-0.009739754444297422
2021-08-26,0.002002187338172229,0.00387346569891045,0.0007794763083012746
2021-08-27,0.0033602740802100017,-0.0018085080216623806,-0.00947200890345462
2021-08-30,-0.01622669881969216,-0.015808146944630147,-0.0033604333519597074
2021-08-31,-0.0017915980389878738,0.005798013657152573,0.00221959775362246
2021-09-01,-0.000818707233736421,-0.002013754018101943,-0.0024217880544689097
2021-09-02,0.0033702380693924894,0.0002984619820632639,0.01190815854734209
2021-09-03,-0.004504755148406703,-0.00948268667645552,-0.004160980793429081
2021-09-07,-0.0024890558489562287,-0.0029320023813699803,-0.003962117853043151
2021-09-08,-0.00553608398706279,0.0017278754753466408,0.0051056465029339915
2021-09-09,0.006225532409878054,0.004318285913206876,0.0011659967676670435
2021-09-10,-0.0011814951147408048,0.0013286737678566418,-0.009275404663281195
2021-09-13,0.007334400023271237,0.010205572353085418,0.014267792449299654
2021-09-14,-0.009604199383482115,-0.006390901936871751,-0.003959535017499349
2021-09-15,-0.005406186706743449,-0.001991296575734519,0.003825589111975336
2021-09-16,-0.004611980931811643,-0.0018780566999463677,0.003540598664229344
2021-09-17,0.002287316275484924,0.0044928733780099095,0.010888926020070577
2021-09-20,-0.0036423132443946793,-0.00167218021875154,0.007406358718585859
2021-09-21,-0.0010048029235420475,-0.00391319195443815,-0.0007720162619175019
2021-09-22,0.005265348927850799,-0.0012023340926854975,0.0008737535540668251
2021-09-23,0.009114985375921536,0.004750620594123622,-0.008592143814661973
2021-09-24,0.001719218765919489,0.006546563861301147,-5.431980408560078e-06
2021-09-27,0.017537749104466843,0.019176565711609306,0.006119655545066827
2021-09-28,0.00785131381199311,0.009248003695780105,0.010559348983863848
2021-09-29,-0.0024590922826124573,-0.0025772565361947275,0.006428247327746661
2021-09-30,-0.004811633132302318,-0.007957321120589944,-0.014733486733913642
2021-10-01,0.0003250453351359983,0.004211135080791573,-0.0006804671041338861
2021-10-04,0.0005588975192764023,-0.02025457256255364,0.00029918342018048216
2021-10-05,0.00745993899662567,0.010631985009250222,0.0004319405667622678
2021-10-06,0.0004348804138396001,0.008742788241609761,0.005827813526601638
2021-10-07,-0.003813344511143457,-0.004145717397471355,0.002879026196514811
2021-10-08,0.005779545185316398,-0.009839072223677192,-0.0010472129473430014
2021-10-11,-0.00512588993813598,-0.0036808523909590274,0.001475343838853005
2021-10-12,-0.0042941637495503004,0.0007995227430585006,-0.0006377644852208486
2021-10-13,-0.0012662540142502343,-0.00034689523311606796,0.0005727997293254738
2021-10-14,0.0041996873216382236,6.539866911636771e-05,0.0024050102120635186
2021-10-15,-0.0030044371130096836,0.0024168530796646603,0.002078302403618615
2021-10-18,0.001136814955039367,0.013069582889284309,-0.003480649727102797
2021-10-19,-0.00203164571170919,-0.006097566308199159,-0.0038979925813734384
2021-10-20,-0.0032082465062895915,-0.006654662639373726,0.006363602019780479
2021-10-21,-0.0058973711320232935,0.008302209930056564,0.004735706227248698
2021-10-22,0.0028164065940558813,-0.012587271005333744,0.0005123158462629895
2021-10-25,-0.002419787823776637,-0.003797020566291276,-0.010361212797900476
2021-10-26,0.0023030870053909747,-0.014410223941915934,-0.018055564066916163
2021-10-27,0.005107083285925462,0.004135901762825939,0.019073945987233165
2021-10-28,-0.001781913959750081,0.003049166069584497,-0.0037182708106174855
2021-10-29,0.008143381359979912,0.0007100336684900954,0.001467758035893496
2021-11-01,0.0019085313927838243,0.002393251066792945,-0.012189686479222028
2021-11-02,0.007513068348303148,0.00746359568087715,-0.0007564072311979364
2021-11-03,-0.008026436931260733,0.004421565684539552,0.005145620007716151
2021-11-04,-0.012079137166826848,-0.0056748558981278285,-0.030468026455885838
2021-11-05,-0.00010098907873989926,-0.0017528776672884605,-0.002758819560356618
2021-11-08,0.003077573361232322,-0.004650374319237455,-0.0071043447883772926
2021-11-09,-0.009668428359299652,-0.008510056266305716,-0.001078121485374478
2021-11-10,-0.0009407476198388942,-0.000692512950471319,0.008466221251645534
2021-11-11,0.003129415132736152,0.0016040196517900784,-0.008500677662635125
2021-11-12,-0.0006003086924211143,0.013379278491478214,0.0060055744195669225
2021-11-15,-0.0008577162607021627,-0.002993009615676445,-0.004095377468538192
2021-11-16,-0.015997549477744177,-0.007879861293705132,-0.0021019255601214537
2021-11-17,-0.009059994631936769,-0.00490247679581679,0.010324314547809549
2021-11-18,-0.014413593163953825,0.0031813875685226256,-0.01602908320898125
2021-11-19,-0.0044951062624633,0.019439712761835676,-0.00270390937216497
2021-11-22,0.00826461139548279,-0.005375480936896104,0.0005500783653923647
2021-11-23,0.005269722640064062,-0.008162005039275971,-0.001043702428577764
2021-11-24,-0.006134857594513293,-0.004873903930856488,-0.006829518184001737
2021-11-26,-0.0018686602144500908,0.002541988517796495,0.005960666018639121
2021-11-29,-0.00256852519459827,-0.00027505461271498666,-0.004110435131795487
2021-11-30,-0.002188722966007528,-0.002212208761187856,0.003558028513597322
2021-12-01,0.00045472273640151384,-0.010420533840314938,0.00935596609510933
2021-12-02,0.006610479946413839,-0.005834526186057398,-0.011227273692705764
2021-12-03,-0.001354261993527034,-0.002786044555544237,0.010496972052148335
2021-12-06,-0.0012861214733153048,0.006533868736649406,0.010974988248931256
2021-12-07,0.006842133234984282,0.0043254187295831414,-0.013492162288005982
2021-12-08,0.002783997827252055,0.00241245747918592,0.00616980228649619
2021-12-09,0.00131843076847879,-0.0010681455134870788,0.010836509885318674
2021-12-10,-0.002464761867306875,-0.005497206139334715,0.010475415833129997
2021-12-13,0.002175525304039555,0.010161559403674442,0.02000020978897446
2021-12-14,0.0020032589645667676,0.0017878172276109827,-0.008653784810845694
2021-12-15,-0.0046284489807106866,0.009150157086961958,-0.005040387894730797
2021-12-16,0.01286184170829155,-0.002907797160101755,0.008546188938715615
2021-12-17,-0.008973486506395484,0.0013502587198970517,0.006861360546511791
2021-12-20,-0.0034746214306150547,-0.009405716582232382,-0.0003825383364173818
2021-12-21,0.003471556606227888,0.0029150217634486553,-0.010326657415726193
2021-12-22,0.0022288960414489356,-0.004937641903257711,0.003245817955893071
2021-12-23,0.0016786646499525326,0.00467004836726892,-0.00041344044451807616
2021-12-27,0.0012571205692310794,0.0014305966018981486,-0.006695780118838257
2021-12-28,-0.005116879668819269,0.0010438493546305883,0.006686675740075448
2021-12-29,-0.0016685415220113464,0.00019673454688282077,0.006660000365153129
2021-12-30,0.00015479873866347527,0.0031688233118011833,0.002438554680408711
2021-12-31,-0.004466360742589104,-0.009215691657657538,-0.003511441727768433
2022-01-03,-0.0008813567054290483,0.00986740104008943,0.0016950615526331592
2022-01-04,-0.002204779196533224,-0.003977660714968911,0.022407716546263362
2022-01-05,-0.011954415804233981,-0.009315720296066005,0.02062849392924912
2022-01-06,0.00043309030780314117,0.007358511259325351,-0.006808413649148803
2022-01-07,-0.008009966463060958,-0.002946038145490104,0.014830830895298824
2022-01-10,0.008864422831417862,-0.0009246192393450592,0.0017984124077561614
2022-01-11,-0.005073809001985619,0.0028538858627887853,-0.0026366207718156454
2022-01-12,0.005731531016585301,-0.0002847096075545563,-0.0006380004180944754
2022-01-13,-0.006612546911187983,-0.010351584295998556,0.016448454690992653
2022-01-14,-0.0005188829666574746,6.116723387283862e-05,-0.018709984613678482
2022-01-18,-0.0005603064091531385,-0.0001424738577080198,0.010330406397241948
2022-01-19,-0.006701239492414773,-0.014149188951025043,0.0021615098421900736
2022-01-20,-0.002714282002331203,-0.014442765787156336,0.008491781235943796
2022-01-21,0.011873276625257362,-0.011345900619022353,0.011242256556072444
2022-01-24,-0.00705359208595277,-0.0018543208267541578,-0.004239080668969608
2022-01-25,-0.0037890672173901407,-0.009224701651868616,0.031501593335447664
2022-01-26,0.016129164850713862,0.006756015867879384,0.0021408470340953667
2022-01-27,-0.010916789768391805,-0.009450169773727368,0.009719743331662006
2022-01-28,0.004860120385836719,0.009564507734071137,-0.022760667043450894
2022-01-31,0.0023905984916397505,0.014669912519883421,-0.022815550689255504
2022-02-01,-0.0014119433052012798,0.0018795610784262395,0.004743639093274965
2022-02-02,0.022763945867746355,-0.004035148770044211,-0.010114899053264181
2022-02-03,0.06439722342533122,0.02894292368721274,0.07448973568322811
2022-02-04,-0.028907600565728525,0.04128149828167113,0.0064507751838665806
2022-02-07,0.00943910895172781,0.01724303632253682,0.014386794382469092
2022-02-08,0.003949693912053132,0.009586253599638994,0.002312373167361964
2022-02-09,0.006760330006269855,-0.00024280294246192824,-0.02580657717577245
2022-02-10,-0.005869645163218085,-0.0016913616123263864,0.008269603905164152
2022-02-11,-0.0076573679832107056,-0.013378074657958788,0.029327241012638727
2022-02-14,0.0046858804009835275,0.010431949843724697,-0.0073898823024838856
2022-02-15,0.01899559901114828,0.019309597721895333,-0.02491654997248674
2022-02-16,0.0047234770386580804,0.0067845304439698995,0.005421181073370279
2022-02-17,-0.01268758120494462,-0.009098859282291177,0.022049673673591674
2022-02-18,-0.0076718907919245405,-0.008929080363391323,0.011506260820930203
2022-02-22,0.005090984033405188,0.001176704349730634,0.005257453689721636
2022-02-23,-0.0015764266750895595,-0.013606454683610936,0.015924353748629272
2022-02-24,0.002396820164149771,0.016974283555466874,-0.034977196687435624
2022-02-25,0.00015493082880102538,-0.006038878582340812,0.008393269914909407
2022-02-28,0.003183877669271057,0.0012767353511715929,-0.00699060735218951
2022-03-01,0.0017219959171154153,-0.00451765449524455,0.018739686774098763
2022-03-02,0.001725030972195174,-0.0010066189929882063,-0.0010663105729132871
2022-03-03,0.006533118958581413,-0.006501443347338737,0.012994107049335096
2022-03-04,-0.0045228199306013295,-0.01462977951362332,0.008642562877403892
2022-03-07,0.0020454052549503943,-0.009681804673542571,0.028686189487058256
2022-03-08,0.002188729127385436,0.0024056959228453134,0.00568049867076062
2022-03-09,0.013065876386918085,0.006250221798487998,-0.024446373477137767
2022-03-10,-0.015110880939097432,0.010785454774112163,0.01189194824424597
2022-03-11,0.0009471008736417763,0.005007248659710251,0.01037598337558171
2022-03-14,-0.008642146767420283,-0.016326435207320827,0.006384407659494412
2022-03-15,0.008751350941693659,0.01662162407897866,-0.03470997517311164
2022-03-16,-0.000361622908684911,0.011029674250838839,-0.021404425162224322
2022-03-17,-0.008117423309040528,-5.6434138272887235e-05,-0.0004355106172481693
2022-03-18,0.004517677298977896,0.01344649839266554,-0.025513178624692018
2022-03-21,0.008011907473743973,0.008042560517244862,0.00681350441107581
2022-03-22,-0.006404469419855369,-0.0016514586517380747,0.0003460123238520352
2022-03-23,-0.005308563522719412,-0.00591904429393883,0.00978801556559572
2022-03-24,0.02297241895426555,0.012669105503010036,-0.029402717521507804
2022-03-25,-0.008168082735221377,-0.004702884682641545,0.00821613202797386
2022-03-28,-0.004019142772254347,0.009078160351871756,-0.012972782216103707
2022-03-29,-0.0017634265214349631,-0.001455749298527792,-0.013382704572014709
2022-03-30,-0.0027857998579272347,-0.015630716621269997,0.011245176602762086
2022-03-31,0.002285471837803088,0.0026181199905863095,-0.0018390179947344598
2022-04-01,-0.00697453307525317,-0.00848035506280101,0.0027414571720690006
2022-04-04,-0.004866492924297583,-0.011951694069779695,-0.017140998548237973
2022-04-05,-0.009493078314236653,0.011750306028628088,0.017506389463014888
2022-04-06,0.00020360210302056148,0.015250475724479295,0.0328758303914386
2022-04-07,0.0025878234280646284,0.005195150515233338,0.008348773118859731
2022-04-08,-0.010894115751598044,0.023421978580114355,0.020370436114806212
2022-04-11,-0.011908906968632643,0.015153150062223397,0.009267941096521126
2022-04-12,0.005922536211764223,0.004295536235814301,0.010864974913309705
2022-04-13,0.019127006591810297,-0.013806031517578782,-0.003642886381404198
2022-04-14,-0.0028462341500390675,0.009164691785336326,0.01510237791908553
2022-04-18,0.0041849149593433665,-0.005775831960895261,-0.003870913456112901
2022-04-19,-0.011132684246044522,-0.0010228882480562418,-0.013787165546482183
2022-04-20,0.011508284690598836,0.03433330948805746,0.03237655562023939
2022-04-21,-0.009293815526574878,0.024792455616353126,0.015078809358145318
2022-04-22,-0.0013438365271581654,-0.0018988472786904964,0.00034891634034950325
2022-04-25,-0.0042484265751773775,-0.004923683468005674,-0.012644633164331315
2022-04-26,-4.684805338828202e-05,0.010590725195028267,0.015542835871652616
2022-04-27,0.006114613735673569,0.011368221308957621,0.012804185757270548
2022-04-28,-0.02049831180234174,-0.050167272785398065,-0.04849928718358182
2022-04-29,-0.009060107001557766,0.004822802955273431,0.006522532075619869
2022-05-02,0.0026284856573927096,-0.01883356881923648,-0.02530727314293285
2022-05-03,-0.0012494310400903985,0.0017691110412725586,0.0015759102215130993
2022-05-04,-0.0045059421550232015,-0.0059986586180518775,-0.01090409573330653
2022-05-05,0.0028825647613811844,0.01615047255004648,0.026912623835941063
2022-05-06,0.010236024135777039,0.0032400340698506003,0.016792897753275943
2022-05-09,-0.02681423026565047,0.030919554382731196,0.009007026814340513
2022-05-10,0.016173509284978294,-0.022381669249195324,-0.008128935824793793
2022-05-11,0.0028364682275462128,0.0163632642227953,0.02772909265632778
2022-05-12,-0.0075649185199122004,0.009263118175117435,0.002123758793562136
2022-05-13,0.016587887006254243,-0.025615376874876472,-0.02506812096516814
2022-05-16,0.001368960997531754,0.0026772608556056565,0.014075555346590995
2022-05-17,0.003183946658051773,-0.003969377112850225,-0.013280097172198357
2022-05-18,-0.006547109173692389,0.012471238773211268,0.012522580820111595
2022-05-19,0.005901243076866597,-0.002953633281655571,0.0005077586799459299
2022-05-20,-0.0057302455582526335,0.0007923269445436476,0.008526494488221126
2022-05-23,-0.010077857723332417,0.007928509118099308,0.0025483423539235384
2022-05-24,0.00584737767632687,0.03523692805444778,0.03417724905911168
2022-05-25,0.011459352071289397,-0.009575632453814709,-0.011945022963002372
2022-05-26,-0.00034712864471198035,-0.011317801322754617,-0.01974924452311949
2022-05-27,0.00773669375623548,-0.009811599110090719,-0.013188982372864921
2022-05-31,-0.006842813878691373,0.0009566914555609596,-0.006412549218709818
2022-06-01,0.00850462700137003,0.0037406764929376057,0.011415631665548959
2022-06-02,-0.0006620975572262933,-0.019578644425007563,-0.03150333216112447
2022-06-03,0.004788568537708926,0.01715426181302751,0.020180329406574604
2022-06-06,-0.0039237441575979415,-0.007229596413331846,-0.0041598145187734525
2022-06-07,0.004170494009944847,-0.0047536310458966,0.004628969380999937
2022-06-08,0.0003838380349275583,-0.005136272275663295,0.0018498548372860302
2022-06-09,0.00829757010980775,0.020817603340204383,0.017054252483646115
2022-06-10,0.0050826235502239026,0.005985130003994477,0.02089336137718595
2022-06-13,-0.007497587180012699,0.022949583370613313,0.016445319535469738
2022-06-14,0.008315051800876466,-0.010337090739638871,-0.006115792151460658
2022-06-15,-0.005540586887549714,-0.015579934733330303,-0.023002112916821804
2022-06-16,-0.010562781542685307,0.016633117036813194,0.00960215014484117
2022-06-17,-0.010523929743749105,-0.012308390663919477,-0.022556246044233036
2022-06-21,0.025284044768436653,0.004194747921679315,0.025506021774288234
2022-06-22,-0.010663082513742567,0.003411801772174955,-0.0009766913960178314
2022-06-23,-0.013177264654504056,0.0006618038829346029,-0.006614497027286781
2022-06-24,-0.007439802240564786,-0.017509590881691517,-0.02982986004807911
2022-06-27,0.0040711942473794505,0.0024589560558713752,0.01462515428772862
2022-06-28,0.005067469168091948,0.013847595255167877,0.03152997075428829
2022-06-29,-0.01576790536993425,0.0041306430257146975,0.0004499093786556052
2022-06-30,3.200035187114758e-05,0.004795264843064723,0.00551244866768702
2022-07-01,-0.00880689814314392,0.019961527646254723,0.01720262869458586
2022-07-05,-0.010774857709843877,-0.017124429770013022,-0.03278416827266972
2022-07-06,-0.01198141262522473,-0.008383401041930028,-0.0017694396464211504
2022-07-07,0.004913931705714969,0.008147724401737527,-0.009711063387323943
2022-07-08,0.0027006628768661833,-0.004887902295853258,0.0034982874070157433
2022-07-11,0.016420465661444977,-0.004523140736974823,0.0184437238601714
2022-07-12,-0.002842149008441458,-0.0009280206274234204,-0.0004236207103245071
2022-07-13,-0.0037056239630992305,0.01193848510254844,-0.010447148552636842
2022-07-14,-0.0009257077022960802,0.0013352522782163756,-0.003251817579393884
2022-07-15,-0.009762854239897312,-0.007300303453333268,0.008190775788229243
2022-07-18,0.003815848813701894,0.019925571648896218,-0.016683081448585713
2022-07-19,-0.0072512366137821305,0.005106060424570458,-0.013644381587997356
2022-07-20,-0.01399108064522131,0.021647009269407907,-0.02898277172179753
2022-07-21,-0.009982003142518486,-0.0009042476511551267,-0.00037942210481645144
2022-07-22,0.019415291226706433,0.002378088800053163,0.02737975473043658
2022-07-25,0.022247337120982064,0.0002189509999245831,0.012994401950288392
2022-07-26,0.021388897461437767,-0.004374391799588151,0.015557031896635348
2022-07-27,-0.021094009902531574,0.0017401697660501259,-0.029959525795562603
2022-07-28,0.015168289626151493,-0.0011635357572707394,0.012620018841217273
2022-07-29,0.010452032254315485,0.01975823917280889,0.0016216503873472121
2022-08-01,-0.013429748107599254,0.0051813329983524115,-0.010831252706118899
2022-08-02,-0.0013538523324823637,-0.0016065598428515737,-0.0054176354294337425
2022-08-03,-0.0374691819827912,-0.009814520563643903,-0.013342847007901726
2022-08-04,-0.025396893026405853,0.0004278255662756303,-0.012823467382860304
2022-08-05,0.015922949774125367,0.002104179176332349,0.016190259151387776
2022-08-08,-0.0011904519842693417,-0.016477926192700776,0.008722858728081456
2022-08-09,0.013227625960189837,-0.0055539865049202,0.015018797334232753
2022-08-10,-0.02033463827149601,0.008657674958913342,-0.02260916174240346
2022-08-11,0.018111987409441005,0.008011146948107867,0.004768639743994468
2022-08-12,-0.006879230111275558,-1.2770385864169231e-05,-0.005700064526058868
2022-08-15,-0.0091183126412627,-0.001692215978245759,-0.003748713697913464
2022-08-16,-0.0037977408441306204,-0.002548741021726475,0.007040270251130937
2022-08-17,0.01514791665283391,-0.00021257906474775323,0.011023615061306863
2022-08-18,0.010214041556173559,0.008957931221824145,-0.007536921506566846
2022-08-19,0.013854883704716964,-0.009659414966507796,0.01713010296914888
2022-08-22,0.014930762377847767,-0.004623174671635033,0.012883272197459189
2022-08-23,0.020944754474241434,0.01512549858366205,-0.005673296269937955
2022-08-24,-0.00034148943345752025,0.0025138491182383482,-0.0030188266676498543
2022-08-25,-0.011470890009508572,0.003331341089738371,-0.01016539936926647
2022-08-26,0.017344723970377507,-0.005696910336895067,0.01956902659218679
2022-08-29,0.013482784773947681,-0.0033519555302611026,0.010725725085633464
2022-08-30,-0.010404356391166075,-0.006991143320124044,0.005199047510652033
2022-08-31,-0.011225606570072072,-0.006698657467912983,-0.006297985905623915
2022-09-01,-0.014283460737083642,-0.028908483735440027,0.019397349346354953
2022-09-02,0.016519709624118167,0.00646637754457019,0.007425265242218371
2022-09-06,0.0026906284393539426,-0.002723468917164018,0.006819778886593908
2022-09-07,-0.014928799491784384,-0.006610239204663637,-0.0009367734719556431
2022-09-08,0.00013910939850492188,0.0060352654108906945,0.0009835641431141795
2022-09-09,-0.006948514970469444,0.009025206734851049,-0.017552814323520155
2022-09-12,0.001144976325912317,0.002235205156511322,0.004482942384865962
2022-09-13,0.03047322034762756,-0.005550511253296725,0.030280599193420882
2022-09-14,0.011489741749018317,0.006404936826740981,0.00014909364462400987
2022-09-15,-0.003743431940016362,-0.009315210054776646,0.017170293880739707
2022-09-16,0.00013261622106602866,-0.0001181920417763771,-0.002330935209648277
2022-09-19,-0.004551106334666238,0.0023338547268547116,-0.0029217690738825852
2022-09-20,0.005186757754440552,0.00020308428297477477,0.001820314648095206
2022-09-21,0.008200331709855735,0.009305028006501487,-0.0071541501497068005
2022-09-22,0.00012464784109333937,-0.018182200193615772,0.011747048538245763
2022-09-23,-0.017897405502277558,-0.011874694370377359,-0.0013992059172301952
2022-09-26,-0.007556665376104027,-0.008333322835940848,0.005007426546729449
2022-09-27,0.010563824588440546,0.005589964103101447,-0.0023663851979464634
2022-09-28,-0.003742202986902199,0.005666075604746412,-0.012123309911327151
2022-09-29,0.013741978966872515,-0.002803326557524022,0.012586745111031972
2022-09-30,-0.0005039994395695802,0.0028475507514535148,-0.0027763160493543826
2022-10-03,0.015454791386950106,0.008709416751711663,-0.00017061849300203935
2022-10-04,0.002733016321674331,0.0033232623356898028,-0.0006888707241800018
2022-10-05,0.013049623639963565,-0.018943873722913757,0.0002963286476692084
2022-10-06,0.013305968670501489,-0.006990473372231493,-0.007528337919696093
2022-10-07,0.025495586817797566,-0.0036488034698659855,0.01830093351149112
2022-10-10,-0.00216574258765434,0.008573918957484356,0.002466617979107244
2022-10-11,0.00953272611658132,-0.013427122973480171,0.004870772885725488
2022-10-12,0.005722950589517467,-0.002259970329727995,0.00799911987207455
2022-10-13,0.005382774914364341,0.0017137063505607286,0.0034031078587406505
2022-10-14,0.007743580623475549,-0.007539279643006436,0.027834142950587726
2022-10-17,-0.023646080558100135,0.012090816458171005,-0.014313708754167154
2022-10-18,0.0032838506265778777,0.002901826146477493,0.0072396453200834765
2022-10-19,0.012963404548034352,-0.007366210334771778,-0.008370652794660677
2022-10-20,0.0019892364348808034,-0.004558059063706932,-0.00032297239969597547
2022-10-21,0.00821399236169798,-0.0022049216890784595,0.01661185221495312
2022-10-24,-0.0004486686149546837,-0.003223105738759807,0.0018834842703567556
2022-10-25,-0.02723839144445625,0.020152774354163655,-0.02813227997684925
2022-10-26,0.026923975065356293,-0.01584670940441696,0.025099928794645204
2022-10-27,0.05806480170045647,-0.06060915532684938,0.05632117101632386
2022-10-28,-0.00545595679337213,-0.005021519668874874,-0.008375731571507228
2022-10-31,0.0228381056122679,-0.015275981043258502,0.02268844899672165
2022-11-01,-0.00202042984040246,0.009476751765245733,-0.005348783309236466
2022-11-02,0.007976537941010914,-0.004459232866373231,0.014144068863284676
2022-11-03,0.0077624585906834465,-0.008639524501318052,0.0012161573656372104
2022-11-04,-0.013094052800483535,0.01154332768175989,-0.014639650619185957
2022-11-07,-0.012944121632200267,0.013434311199343962,-0.014387494087170438
2022-11-08,-0.004187319245321591,-0.004114842994201839,-0.0007801742264098577
2022-11-09,-0.019994910949747757,0.028355176465588328,-0.007668389279890608
2022-11-10,-0.05303841652283947,0.03159100908084134,-0.049533666028918955
2022-11-11,0.003191989414309926,0.009446203236478073,-0.02146994780093739
2022-11-14,-0.0013137989973608932,0.004089579589125536,-0.008721652524415702
2022-11-15,-0.00826580903024432,0.010150207192521882,-0.01898904119413719
2022-11-16,0.012821007590998912,-0.010137149599976691,0.024129404629778667
2022-11-17,0.008631517983421322,-0.007781899748052962,0.00835437735468414
2022-11-18,-0.0007329919464016121,-0.003995638341729307,0.012506664461216482
2022-11-21,0.0015121784395633608,0.004297929421090613,-0.0011391737731844265
2022-11-22,-0.0017176743226788305,-0.004081578275301256,-0.00877230005644497
2022-11-23,-0.01275953740976074,0.0014289245369926706,-0.0034627484292498734
2022-11-25,0.004004132835198959,-0.003012414478821307,0.009826548546892244
2022-11-28,-0.002066877407887191,-8.45068965280027e-05,0.005851187695692289
2022-11-29,0.006811157365586962,0.002789046003691953,0.0035136546178929917
2022-11-30,-0.03536998983052536,0.011807585190525494,-0.028006339385340306
2022-12-01,-0.01041614609003566,0.00960295890292509,-0.01654713609104075
2022-12-02,-0.006673175288457095,0.005927525899806246,-0.004113418279966391
2022-12-05,-0.006936158198485948,-0.0007123638456194292,-0.001446003097767934
2022-12-06,0.012954151342362247,-0.017826442552817706,0.028764094602894058
2022-12-07,-0.0014758969537045918,-0.0035865938886571747,-0.00017048720051718314
2022-12-08,-0.016005243614661102,-0.0023703964792277377,-0.0144099431708416
2022-12-09,-0.00887718381888894,0.008061304836408045,-0.004122600232364354
2022-12-12,0.003475591356999791,-0.008999496140677882,0.0016800153681138241
2022-12-13,-0.011211504262696459,0.01641428040677187,-0.023253205171180596
2022-12-14,-0.001060776351655357,-0.0008621404724339088,0.001325303872462713
2022-12-15,0.017131148623761444,-0.01114896255085529,0.01023562150984389
2022-12-16,-0.00658656523293033,0.00821309394849018,-0.004883140572781497
2022-12-19,0.01798525345011548,-0.012692163194864908,0.016585306335124006
2022-12-20,0.004618675060682503,0.003617887340946757,-0.003507813861397785
2022-12-21,-0.006016983922460917,0.0030828024676642918,-0.005831800751885052
2022-12-22,0.014323240787612268,-0.003524195379276285,0.020065274005724665
2022-12-23,0.014544093929826168,-0.006699713016255993,0.0033917128533242635
2022-12-27,0.026911275768937593,-0.008811639890137446,0.02149103842328104
2022-12-28,-0.003594816340995871,0.0022709302232306605,0.003902709141206384
2022-12-29,-0.016347446989435632,0.009342348940150347,-0.018020959313341467
2022-12-30,0.0038040283277629428,-0.002529946001391753,0.0014383566644010637
2023-01-03,-0.02027663732124893,0.02524012647267962,-0.007565804909123092
2023-01-04,-0.00522074089923627,0.0025556639081265042,-0.018597761013868702
2023-01-05,0.016871154938288502,-0.009955652794589098,-0.0009901295833981139
2023-01-06,-0.010063847504036882,0.00875891576049842,-0.013313780007983722
2023-01-09,-0.009273304075927025,0.016051107423082994,-0.008316450373725998
2023-01-10,-0.00901888281108254,-0.003426168294945131,-0.010275461724942841
2023-01-11,-0.01261915810166192,0.0050538349316480435,0.007529829408978533
2023-01-12,-0.0008241470560080288,0.0008827029836407929,-0.010259476276262613
2023-01-13,-0.00744940398421487,0.0016022329339432373,-0.006701502164264933
2023-01-17,0.011870077434466414,0.020888482514575868,-0.027311837902164543
2023-01-18,-0.003793861107488,0.005900124179431726,0.0037627377636675896
2023-01-19,0.002880545419897018,-0.011244818516209426,0.008373509052965633
2023-01-20,-0.008227242434746762,0.01429588858255898,-0.02706064889176782
2023-01-23,-0.009322774202014356,0.01380157771851026,-0.021099745517021318
2023-01-24,0.005866422525763915,0.001531292858248684,0.001688712014381144
2023-01-25,-0.003105264883118103,0.0012319571716928324,0.003502251101790088
2023-01-26,0.006711658206971227,-0.0018946355597345699,-0.012636397156977036
2023-01-27,-0.030812158184585076,0.002386026997967694,-0.01880208899681307
2023-01-30,9.602991640775271e-05,-0.009956744574762005,0.025002394441470316
2023-01-31,-0.004526449435954205,0.0024094475530871406,0.0045963290617597186
2023-02-01,-0.018419391927160217,0.013662994131486833,-0.02612103456439141
2023-02-02,-0.08790636776305152,-0.03863228714202549,-0.07794355071917256
2023-02-03,0.0264281409617938,-0.001815198452936928,0.010936496871255363
2023-02-06,0.0034115979288012466,-0.005453450559570416,0.0030399578682769324
2023-02-07,0.006396262458216118,0.007143312906688182,-0.01703101658424222
2023-02-08,0.007679978271218413,0.008390555386528664,0.014115542609108439
2023-02-09,0.010681926842617345,0.011158900705667135,0.002583371496225173
2023-02-10,0.022677672101735297,-0.0071904915886874254,0.023915625619678388
2023-02-13,-0.01489092817275825,0.0005585375899804235,-0.011326899449731864
2023-02-14,-0.0014850237022782653,0.011343382696988591,-0.0164127511204748
2023-02-15,-0.0038155073010050222,0.0034071561103948544,0.006404321023060433
2023-02-16,0.009757708347946287,-0.000872987851110868,0.010279594083322019
2023-02-17,-0.013414256369067401,-0.01024152646653892,0.011207933396281927
2023-02-21,0.004808417046300695,-0.009493612992083345,0.0008258022811724886
2023-02-22,-0.00605131629332159,0.0052327559864839834,-0.0011942443535296055
2023-02-23,0.0033422206085048645,0.03252928246243658,-0.033129953714852
2023-02-24,0.009214247321820385,-0.00835239942628857,0.002862113494419505
2023-02-27,0.0007316402433721891,0.0034353330932095916,-0.00042820369161339356
2023-02-28,-0.013810830417284703,-0.013949136598926437,-0.018241258342244465
2023-03-01,0.01185702732368124,-0.005572186560037357,0.005281181652602995
2023-03-02,0.00044486497962825666,0.008812411574790874,-0.0050079263454232414
2023-03-03,-0.016016868599313228,-0.0049964481854752885,-0.015360118407702017
2023-03-06,0.007551742746547158,0.003052957421353253,0.005120147910565781
2023-03-07,-0.006991571409392328,0.0014738093542889241,-0.007960247864855635
2023-03-08,-0.006848179734965404,0.012536251332701448,-0.00962136357910176
2023-03-09,0.003142347121697503,0.006536451861610809,0.0039594483665207625
2023-03-10,0.002717836744120211,-0.011843257577382665,-0.004095467705642758
2023-03-13,-0.010999366800144905,0.005880883922570385,-0.009404923490131833
2023-03-14,-0.020590387568142854,-0.009086842148721519,-0.024326557407588434
2023-03-15,-0.03154480602807927,0.009374462167923314,-0.013792320577680983
2023-03-16,-0.01971131293111003,0.004291456926621751,-0.016763552864790754
2023-03-17,0.007989270256774789,0.02125277740127765,-0.000929982420498271
2023-03-20,0.010532693259972525,0.00011694728829753087,0.004393394676495244
2023-03-21,0.005932678548251247,-0.006330718001889779,-0.00047851376190793937
2023-03-22,-0.0031543892481508407,0.009650623483739518,-0.0048901497778227054
2023-03-23,-0.010921508930506002,0.0036469347695751997,-0.014430729349568044
2023-03-24,0.00213347075878359,-2.486342006238762e-05,0.0030951272161849896
2023-03-27,0.012104816353229353,-0.008706793774915234,0.014033033272641882
2023-03-28,0.010739124687980661,-0.0002318930416281284,-0.0011032500322741001
2023-03-29,-0.0071146809441263725,0.004059134559255828,-0.012630074152536724
2023-03-30,-0.0038015055721792312,0.003892712928905362,-0.004541407617191351
2023-03-31,-0.006519897617935366,-0.00045269465832958877,-0.0025357798436217993
2023-04-03,0.025950970895156966,0.002572337804629482,0.007950560161130216
2023-04-04,-0.00942355957754279,-0.003983473256822495,-0.0007974400266707038
2023-04-05,0.010865168304558803,0.00848618017414085,0.01425791612653135
2023-04-06,-0.015295543585108679,-0.00651013180903301,-0.003780755453907547
2023-04-10,0.0051729775091081676,-0.0006410248134404439,-0.006287594123132012
2023-04-11,0.011687725941663563,0.007849947768040794,0.005676221516384972
2023-04-12,0.008845710434750936,0.008179349124228158,0.005043809817633971
2023-04-13,-0.015741786056599094,-0.00473217933685538,0.003827282519519415
2023-04-14,0.0005905709391986758,0.018402630349147076,-0.011469003576531828
2023-04-17,0.005238141057297224,0.004719074399140127,-0.002426689430075346
2023-04-18,0.0051743185634630096,-0.006488601918781978,-0.0036031445009443164
2023-04-19,-0.0026819236555440384,0.002040095786408541,-0.007189547183422879
2023-04-20,-0.002133075949140223,0.01107514771544757,0.009636695169409348
2023-04-21,-0.0048936739752639125,0.0017707703280415987,-0.004239222990271657
2023-04-24,0.00682730307470264,0.0028483639396169047,0.003942552403116806
2023-04-25,0.0067597833372441685,0.004869348597458134,0.012726212096177525
2023-04-26,-0.0099831142313824,-0.015621508112806992,-0.013614153829482917
2023-04-27,-0.014146930866184515,-0.030209489674023093,-0.02632631841007016
2023-04-28,0.015106849950861007,-0.003129416767136295,-0.003935756665500834
2023-05-01,-0.0014555377320138452,-0.010171265761228537,-0.011733667409850629
2023-05-02,-0.014734957541276322,0.0007817827003592237,0.007390922850578324
2023-05-03,-0.008728820102723855,-0.002905406898141505,0.0023067745211008406
2023-05-04,-0.009135861416635749,-0.0031808307080237463,0.0022785805882387378
2023-05-05,0.004614565658529413,1.7489537402243238e-05,0.005974529593174099
2023-05-08,-0.005012807480579001,-0.0044184441333112445,-0.0055722790024590185
2023-05-09,-0.002155451913530476,0.0023308874100854138,0.0012373881395512654
2023-05-10,-0.02353349603403443,-0.004017505877763644,1.0225039208361375e-05
2023-05-11,-0.02124103891907833,-0.002455628029097656,-0.0006442558735367254
2023-05-12,0.0012882217291717013,-0.00035288814264894386,0.004090374681042924
2023-05-15,0.002483890270114447,-0.006689707083213925,-0.013755559751110563
2023-05-16,-0.01842868386893487,-0.004863506801276618,-0.005869549813971364
2023-05-17,0.0054986928135284385,0.002888617779633007,-0.008546676149609633
2023-05-18,-0.008041494621351147,-0.015479617514131044,-0.01638213489904386
2023-05-19,0.0027192254005019845,0.0013173346489993298,0.004435793237228675
2023-05-22,-0.0059747573892320605,-0.005032325552308564,-0.0024542467154896885
2023-05-23,0.007388524658015844,0.0018571352676187425,0.0011014355383460739
2023-05-24,-0.000549389572850556,-0.006473626055878257,-0.00014784825640132282
2023-05-25,-0.002890733637084114,-0.06062401196193806,-0.06436940310519626
2023-05-26,-0.008753625117378178,-0.006993332759511528,-0.010083709228902005
2023-05-30,-0.0044437608845307175,-0.00787539725794753,-0.006138376549178343
2023-05-31,-0.004006034811320502,0.005540842356386105,0.015876465213298913
2023-06-01,-0.00917180290289224,-0.02258790154304699,-0.01295966576565677
2023-06-02,0.0065999842704057565,0.013764700028061766,0.006991905557552275
2023-06-05,-0.0073320102775352725,-0.0017668180944682421,-0.0004778913445413757
2023-06-06,0.0007255990798501477,0.007874273108119861,-0.0022958917474849017
2023-06-07,0.03252057460601476,0.02380327683077396,0.00980597419605267
2023-06-08,-0.006484776085170119,-0.00797149424827745,0.00023231918660482354
2023-06-09,2.6941623117088254e-05,-0.001130155313610548,0.00023129671023880416
2023-06-12,-0.008920231928420258,-0.007783004802707882,-0.00695898557764818
2023-06-13,0.0017015642504494277,-0.005975391452304246,-0.011302816995024223
2023-06-14,-0.005187720788465744,-0.01781772250147831,-0.02903703878634792
2023-06-15,-0.001524524755721346,-0.0019532618399218105,0.0013620596444971766
2023-06-16,0.0034574172326735653,-0.0002475443801813748,-0.004928153625930715
2023-06-20,-0.011047268254590986,-0.016380629732295315,-0.0034327526912212303
2023-06-21,0.005594791724656212,0.0020800937025372834,0.009220539360944413
2023-06-22,-0.021640458094615234,-0.011795073165143222,0.002577539467342571
2023-06-23,-0.0027684073450533475,-0.003754247779093861,-0.00013481092097419878
2023-06-26,0.014787505918986754,0.01696944362202432,0.01741563648629188
2023-06-27,-0.0021154666825917434,-0.014466410053474654,-0.00976556107363008
2023-06-28,-0.001437578132302303,0.005135886163259523,0.0034443488219467744
2023-06-29,0.015054701540420629,0.02133544457748751,0.00658638105254819
2023-06-30,-0.005204738473201853,-0.010825423240735155,-0.005923925917265649
2023-07-03,0.0034948771903642872,0.005346068963762024,-0.0032014513886668428
2023-07-05,-0.010465350842140342,-0.013419273191959624,-0.011684589209025265
2023-07-06,-0.007596347728601377,-0.004693088749026908,0.0029259120622551205
2023-07-07,0.004615154805891003,-0.0065803279174308504,-0.00040663755781145117
2023-07-10,-0.005791265604278145,-0.006715926387328375,-0.0022164004646774427
2023-07-11,0.002258134509363491,-0.0035002263120775534,-0.0009761802372899309
2023-07-12,0.02105382254748389,-0.02031013496037154,-0.013437094055369636
2023-07-13,0.019590563171716896,-0.0054988938397314835,-0.01742664395488208
2023-07-14,-0.025995107324595423,0.02625178273157658,0.00034282617073283506
2023-07-17,0.005190408650925821,-0.006369802744745606,-0.0027721441493537835
2023-07-18,-0.002074147912964619,-0.0002724989002701461,-0.006539345384068862
2023-07-19,-0.0030192001918430966,-0.0026222399327220924,0.002318803532930902
2023-07-20,-0.018903258534776257,0.013410774090321709,0.019179689115073867
2023-07-21,-0.015693441318724438,0.016332016498593366,0.015597013107958246
2023-07-24,-0.005222722134034907,0.0047483537747534665,0.006527798125086637
2023-07-25,0.007309997984811745,-0.005926634787363716,-0.006159530037032457
2023-07-26,0.00024287600299546797,0.010770221381247419,-0.0029785248160653643
2023-07-27,0.014738591963439268,-0.014578320229893166,-0.01771487638583108
2023-07-28,0.015562992677999904,-0.010677851156458723,-0.013533680093644057
2023-07-31,-0.008980253927747789,0.0073807740072025785,0.013725876881429927
2023-08-01,0.004167548755932005,-0.0050459627572345955,-0.005183681722560507
2023-08-02,-0.015879873647901832,0.012543271747029738,0.010706513556945962
2023-08-03,-0.0005587221255874963,-0.00033239436709742165,-0.0024226784108337396
2023-08-04,0.0026098137146599865,-0.0006795066381138637,-0.011531688663668521
2023-08-07,0.00273262864574203,0.001842859556580978,-0.012217526446739985
2023-08-08,-0.0038190783349361934,0.004604958109514251,0.00819323260271776
2023-08-09,-0.01620350091962805,0.012587962295959848,0.015842124506035254
2023-08-10,-0.0021296973471280067,0.0012811053071382916,0.0017493270587634613
2023-08-11,-0.01594109954039058,0.014392681761113524,0.01763907498675893
2023-08-14,0.020943271361675536,-0.01665211551566015,-0.019338944641729805
2023-08-15,-0.001978055874765544,-0.0026317921333009198,-0.007707072681744809
2023-08-16,-0.008050798649679447,0.0053003556383757755,0.006727661540226693
2023-08-17,0.0004507368923967192,0.006235595235726893,0.009177698115327204
2023-08-18,-0.004209243370210308,-0.0005931476406684788,0.004376845311529237
2023-08-21,0.02995659715870347,-0.025644069107459616,-0.025952499588251216
2023-08-22,-0.006539423900861208,0.007598182778307372,0.00881623816394514
2023-08-23,0.013930886392399255,-0.00879930978590715,-0.007881402068178667
2023-08-24,-0.0027467997618476625,0.0005384896200427702,-0.00248466259103583
2023-08-25,-0.007890753393953037,0.0078741779945454,0.012187640349250989
2023-08-28,0.0051408138565379735,-0.005327473781504,-0.004682429318748349
2023-08-29,0.01361081590607105,-0.009479176048753257,-0.011998866608327247
2023-08-30,-0.0018565851623370544,0.0017389248075383446,0.005101613669549643
2023-08-31,0.008984469903205616,-0.008201316935000952,0.0005979393513276809
2023-09-01,-0.00579710385890439,0.0027566195786863645,0.010953019212509935
2023-09-05,0.004960042946266147,-0.0007793195294864552,0.00022235313248364363
2023-09-06,-0.0050837620775281145,0.004029205748212056,-0.00023953445098839898
2023-09-07,-0.010754996873785144,0.010386569612839208,-0.002523422823484084
2023-09-08,-0.0033724423426932937,0.005221785825483216,0.005997977964820239
2023-09-11,0.006935464949615278,-0.005686944376255887,-0.009456652746557631
2023-09-12,-0.00518028902490314,0.003886500067446841,0.006891306211052078
2023-09-13,0.006582099879676617,-0.00374487931025258,-0.010122269268200923
2023-09-14,0.0011498342515339766,-0.001484790679039727,-0.002240695147039895
2023-09-15,-0.013731407985705602,0.018706066156067375,0.016240996414480457
2023-09-18,0.005789622023044866,-0.001095537805764768,0.0030687871640756037
2023-09-19,0.004411875209447025,-0.002631174500392519,0.001969100885180708
2023-09-20,-0.014769801163993623,0.00996207782518202,0.006023302338272363
2023-09-21,-0.0117994203528696,0.008928027666900706,0.0060476088947604145
2023-09-22,0.004811461216194496,-0.004336210249665462,-0.0035606733895846565
2023-09-25,0.0024536580016884524,-0.0014243862565231358,0.0003587456745391959
2023-09-26,0.002192692630146875,-0.0038139882890721455,-0.003802548594410343
2023-09-27,0.003748001367128273,0.0006774786012068157,0.00030041344399478476
2023-09-28,0.004333724649494275,-0.00232718740934712,-0.009154632006510038
2023-09-29,0.003286496137018674,-0.004930676667211947,-0.0014199409706849297
2023-10-02,0.009659217136438303,-0.0014078455321387406,-0.012253185505813391
2023-10-03,-0.0027966086817006464,0.006133091108381644,0.010496004855159502
2023-10-04,0.005915287510375955,-0.000995920068435463,-0.010863535772694749
2023-10-05,-0.0012594492316240768,0.0009823721473083136,-0.0011612024920981123
2023-10-06,0.008986299702030631,-0.00591431576925644,-0.005169242152013975
2023-10-09,-0.0012630719981982785,-0.003634853100208807,0.003685367143006074
2023-10-10,0.0049823371941003225,0.004511335546765888,-0.000490250337577991
2023-10-11,0.011589984364755307,-6.781109250753037e-05,-0.010159130411779738
2023-10-12,-0.00018956669688638406,-0.0013580852941885158,-0.006491271704145152
2023-10-13,-0.02135586194974093,-0.008131076370074097,0.015517820555932982
2023-10-16,0.0051395228019704975,0.0036225617359476603,-0.004422990368125795
2023-10-17,-0.004839139462064684,-0.014444723491127548,0.01202576720709067
2023-10-18,-0.009081133120070167,-0.009027656240791215,0.00870256716710971
2023-10-19,0.0005154791789283852,0.0017953170304516874,-0.004015157691826365
2023-10-20,-0.006119959771522326,0.00093421423303372,0.006188514478268264
2023-10-23,0.017215416335138678,0.0066713189951111695,-0.016948494298035244
2023-10-24,0.0012292116705426848,0.001977090093875644,-0.009195145732040805
2023-10-25,-0.021660156238768463,-0.004953925086582822,0.021266244083156888
2023-10-26,-0.01734733533512539,-0.0010984262538967227,0.010476467240305848
2023-10-27,0.016054679458083282,-0.00582097199435741,-0.028550389758507322
2023-10-30,-0.0028801198583962573,0.0010839318357152017,-0.006080058370286356
2023-10-31,-0.008399838456837061,-0.0009422791936427033,0.007432848773790801
2023-11-01,0.017176446684911584,0.004244219160425999,-0.015328399788289732
2023-11-02,-0.0013121313436138538,0.012521335873078299,0.002424453376293434
2023-11-03,0.0030088081402843414,0.0089696088731194,-0.005863655687149305
2023-11-06,0.006723093946471997,0.0011053958091551963,-0.005191633075795399
2023-11-07,0.001426688549620636,-0.003154260620120808,-0.006379914819711174
2023-11-08,0.0041606977708042725,0.0041013290543342185,-5.592264301323979e-05
2023-11-09,0.0044745057049035974,-0.006441907074276082,-0.006957697433219445
2023-11-10,0.009074373038243821,0.003169607895664006,-0.005699568732057236
2023-11-13,8.999119669766964e-05,-0.0024913879208364464,-0.003912552519755225
2023-11-14,0.0026749725733125063,0.014395665346543962,0.0071102449892200825
2023-11-15,-0.004767828510079591,0.003512371128414099,0.014268792057387014
2023-11-16,0.004173403312522472,-0.00015903703831696148,-0.0009460633069940383
2023-11-17,-0.0005201028381568162,0.0007564730477966075,-0.00025511947199668983
2023-11-20,0.009675824658667398,0.003258787992787171,-0.005752593569403719
2023-11-21,-0.0033032672126040163,-0.004517143375057514,0.0032875948874800387
2023-11-22,-0.00747199312022398,-0.00826429616893723,0.005013631411869529
2023-11-24,-0.009122497678264785,-0.002760109435835767,0.006327962200337378
2023-11-27,0.0024946296869057805,0.006828546281432146,-0.004517875895588691
2023-11-28,0.0024743323379607107,-0.002032987873405473,0.005883246417129562
2023-11-29,-0.004774040137577873,0.009057487528717989,0.0006248310548316038
2023-11-30,-0.020262452950116833,-0.00973565521813205,0.012344333399077256
2023-12-01,-0.005067698260388637,0.00842501460454334,0.004523942203794928
2023-12-04,-0.011603929835598631,-8.48529036716339e-05,0.015707422799457055
2023-12-05,0.009035705327112176,0.005870804980854766,-0.009777473767490774
2023-12-06,-0.006196054851315247,-0.002698499661884235,0.009113858587197377
2023-12-07,0.011839026157469651,-0.000573585221015166,-0.009273896213258415
2023-12-08,0.004408900612841049,-0.0002870073949409746,-0.0028130270885053377
2023-12-11,-0.008131455921005643,0.007477515960827602,0.011856556223807851
2023-12-12,0.010851392150558525,-0.0008755643984363903,-0.0046048506019399915
2023-12-13,-0.00603230320621706,0.008017983157271813,0.003927810960376366
2023-12-14,-0.007379005497593877,0.01538287942262681,0.011693581604803771
2023-12-15,0.007494922394427367,0.004495240050348626,-0.0036699546999461874
2023-12-18,0.018161745470229945,-0.001272426152894579,-0.01364419349805876
2023-12-19,-0.0010240584320476698,-0.004435776245726442,0.00705240785815045
2023-12-20,-0.0012035333025904316,-0.0053063475741231825,0.00499808174829619
2023-12-21,0.004076616633956476,-0.0005669924490541156,-0.0057460354750425435
2023-12-22,-0.0015700389913411161,-0.0008012094559250171,0.0010775280320786118
2023-12-26,0.0028214468514266566,0.00193094955799622,-0.0002875954556851579
2023-12-27,-0.0003932034280316188,-0.003298696405546614,0.0003551995849438716
2023-12-28,-0.0013904660102216915,-0.0016594262062810117,-0.0001075077086195031
2023-12-29,-0.0033755733201819016,0.0017112604469508297,0.001470588257464156
2024-01-02,-0.02000370466132087,-0.008590026920637706,0.011992262504408213
2024-01-03,-0.0014784420618189353,-0.007982801667618195,-0.0004871030268491505
2024-01-04,0.0018547928310233552,-0.0009882171881115953,0.0062151643582502025
2024-01-05,0.00887680568336871,-0.008221190426266872,-0.006945325749089459
2024-01-08,0.026497997776206067,0.004440978708487142,-0.022561346663128035
2024-01-09,0.012837441697257534,0.005564315008809911,-0.009157678889986864
2024-01-10,0.01933033841433829,0.001711048078909233,-0.00786309223715373
2024-01-11,0.00033240942607826174,0.0026420386912077987,-0.0019236685938779363
2024-01-12,-0.003918577376326587,-0.004820843108649414,-0.010744158257549236
2024-01-16,0.014677325462223695,-0.004429936684556102,-0.010058847691069045
2024-01-17,0.0019690360052101175,0.004983032654571978,0.0046972466859334094
2024-01-18,0.012702153708912395,0.00373216733450335,-0.011854804214899345
2024-01-19,0.014174134960714124,-0.010128798918893234,-0.017361903418727453
2024-01-22,-0.0005080484311048572,0.005556545594107537,0.0043692571916725265
2024-01-23,0.0010446346373966797,0.007904078690458005,-0.0031288587486875408
2024-01-24,0.000492460248160409,-0.00331595121102618,-0.007916401560830316
2024-01-25,-0.010021124378485624,-0.01583575250439362,-0.012450106927330534
2024-01-26,-0.004855943706857518,0.006873928348088143,0.005862221301214138
2024-01-29,0.010022951620521997,-0.0027167557841923373,-0.006723604556372609
2024-01-30,-0.005275216740624311,-0.014541077552794046,0.006764578100224017
2024-01-31,-0.001821505814322777,0.0037535878975043235,0.025043979625674978
2024-02-01,0.009309431007592572,0.002095290569855357,-0.011136897109860627
2024-02-02,0.05689339293027662,-0.0038787296905712643,-0.011625560353905662
2024-02-05,0.004667855816594957,0.0023483092809891415,-0.01815995225762937
2024-02-06,-0.008307220068541066,0.0038448582579921897,0.007960017672526382
2024-02-07,0.015484258485263441,0.002858584267525277,-0.004632733176306747
2024-02-08,-0.008866778274860626,0.0008434161190502554,0.00043701761403644457
2024-02-09,0.018131349194928703,0.0003307638130625734,-0.014838891405051235
2024-02-12,-0.004340076842358653,-0.009096545113364746,0.002902275803158605
2024-02-13,-0.000511268765039874,0.007819639579878301,0.001907889053008066
2024-02-14,0.01384506683178155,-0.003229515479104439,-0.004937021760514859
2024-02-15,-0.014189928667722063,-0.008822232046929168,0.016991090115416524
2024-02-16,-0.005961637225309069,1.7119864341774704e-05,0.0032487172781364704
2024-02-20,-0.0083317665531919,-0.0022928857977059236,0.010558205854460156
2024-02-21,-0.016282597422207584,-0.002582367666794594,0.006657912475666966
2024-02-22,0.05090110408595683,0.0005651371054229415,-0.03853433433903253
2024-02-23,0.003242117161181085,-0.003784794892386284,0.0009451604349591247
2024-02-26,-0.0009581767303311617,-0.0013865664545014422,0.008458133008623026
2024-02-27,0.005754002692901494,-0.0041353324296330984,-0.0066852310637653956
2024-02-28,-0.005845217187900847,-0.013594402323434202,0.0016928053302016632
2024-02-29,0.007882501539310471,-0.0029231970668581464,-0.008547397531702527
2024-03-01,0.011742492767862045,-0.0019239057591146913,-0.010720606848138137
2024-03-04,0.01686747517101575,-0.014805940877807428,-0.0041151984364059535
2024-03-05,-0.006113797598695542,-0.013284578193868413,-0.0028890592686934002
2024-03-06,0.010381929752223795,-0.002202455053041924,-0.0045548545235812865
2024-03-07,0.016142252901203857,0.006012925774272426,-0.015776729498923253
2024-03-08,-0.020120196366955556,0.0028472550968151322,0.012245730291648299
2024-03-11,-0.021070901629856753,0.010000394617002861,0.0075295210408749536
2024-03-12,0.028033330736973283,-0.0025689253041420446,-0.01723997980037173
2024-03-13,-0.010963542598237924,-0.008408234787875724,0.0017978567129390277
2024-03-14,-0.01735302239316322,0.010056454413574362,-0.0017639984442623657
2024-03-15,-0.0035439689285580167,-0.0018169233660733919,0.007687926746502399
2024-03-18,0.006321279358560555,-0.001593976078672038,-0.012088939017093625
2024-03-19,-0.0014121178984342064,0.002358104238692149,0.003119730469459514
2024-03-20,0.010924118872427363,-0.004161873734490951,-0.0018934125431805948
2024-03-21,0.002440636934398277,-0.025846497868350443,0.0011669272762142302
2024-03-22,0.009022306034916328,0.007731864515485409,-0.017060663048940605
2024-03-25,-0.006808977161057467,-0.0007686661497840752,-0.005155882921520055
2024-03-26,-0.006174545138391635,-0.00029289438972424087,0.009900268475263652
2024-03-27,-0.011596604281093575,-0.0047191381034003554,0.01115199831683672
2024-03-28,-0.008882010204047441,-0.004274926573369059,0.0013953917396023474
2024-04-01,-0.0007467838853665865,-0.0004414027895447703,-0.011796782540108242
2024-04-02,-0.005451067220994366,-0.015729626649293366,-0.012196770987685235
2024-04-03,0.0022713173445209345,0.00042970231220984534,0.0009506727979436136
2024-04-04,-0.007803606531009005,0.0029881258947966616,0.011407445426370483
2024-04-05,0.009293263471849,-0.0020969430105032827,-0.0068942211804827735
2024-04-08,-0.004121218265504267,0.000899266985295688,0.005935915143560788
2024-04-09,-0.008673962201768998,-0.002527432422818693,0.0058670544281966
2024-04-10,0.00321425197888342,-0.01414059975166207,-0.0063785213009761865
2024-04-11,0.013913149852503776,-0.011299106694155348,-0.012765652581056913
2024-04-12,-0.004645355112759819,0.000884706451922207,-0.0069994067107251035
2024-04-15,-0.008305892109988666,0.006040117689358804,0.010597329651546805
2024-04-16,0.008021692276763331,0.013566217960229332,-0.008800422350872972
2024-04-17,-0.012528490999462766,0.002285575013811769,0.011340905625182973
2024-04-18,0.004113674685371549,0.006814828798417438,-0.004359571043676402
2024-04-19,-0.04206340575549636,0.006092995093338716,0.04448386446097943
2024-04-22,0.006810728368137231,-0.009351011205647797,-0.004953371605447343
2024-04-23,0.014180139304425576,-0.004562489672896963,-0.012012786409300702
2024-04-24,-0.010785794548685473,-0.005257106150323654,0.010903557968435423
2024-04-25,-0.02032331140173163,0.00693127441037214,0.018085258209461913
2024-04-26,0.02254194446753971,-0.015520680687276356,-0.023309424507532372
2024-04-29,-0.010178438178147897,0.0029581588455620533,0.009243962589210203
2024-04-30,0.005192255364254439,0.003293721432403973,0.0004212225957122284
2024-05-01,0.0027944210081017606,0.001605045055771609,-9.565580742210145e-05
2024-05-02,0.00759956397873901,0.002593074157564046,-0.009582858903339264
2024-05-03,0.015739399476125765,0.004776224150133568,-0.016492925743612136
2024-05-06,0.012209882225177715,-0.0023305178744340016,-0.013452720444141586
2024-05-07,-0.0022568080823124614,-0.0012839251322636636,0.0013613779910919555
2024-05-08,0.00217869352372016,0.0025309021869044657,0.003105861736395127
2024-05-09,-0.012517031069395085,0.002465568622797565,0.010405105222926675
2024-05-10,0.004050260457011762,0.005063269731813036,-0.003001740462245911
2024-05-13,-0.0007996265313643947,-0.005089481785525318,0.0026941247101960886
2024-05-14,0.004578213963151889,-0.0025830599947422594,0.00031697129688273984
2024-05-15,0.013015742241578254,0.0026658129202329905,-0.011415709017795317
2024-05-16,-0.0030221822191793535,-0.003385377044059279,0.003978629236499803
2024-05-17,-0.011884552917003077,-0.003761512649535226,0.012297085556528198
2024-05-20,0.00897233179901219,-0.007361629583092222,-0.017864101200914695
2024-05-21,0.002896169785280095,0.0022321654062580076,0.003955298928002199
2024-05-22,0.009330460473162605,0.0019083615847268753,-0.00709592114217758
2024-05-23,0.027494601588668593,0.0033105959129292595,-0.028247297847947994
2024-05-24,0.012015540623123405,-0.007434081493566558,-0.008494306072150931
2024-05-28,0.013121411523595583,-0.0046289782287047,-0.016672924433282832
2024-05-29,0.005172800480408385,-0.008146961736287539,-0.0035507653888618984
2024-05-30,-0.016228019131221377,0.007274871355864243,0.015600617457856542
2024-05-31,-0.015632878345213458,0.003704504987248447,0.013389878382963766
2024-06-03,0.03139356213379618,0.0009432891468353355,-0.024937637753972536
2024-06-04,0.008861920553875718,0.00722934388991095,-0.010045296318097086
2024-06-05,0.023202722726000047,-0.002977911652004145,-0.02374628090144243
2024-06-06,-0.0070117973684135915,-0.0037201540051250426,0.005035755675884962
2024-06-07,0.0018032866062079322,-0.002779447471673163,0.0018158434198814466
2024-06-10,0.004965334418862266,0.004615682134802512,-0.006447572656030048
2024-06-11,0.003047052155554092,0.002703692176984046,-0.0092236479800189
2024-06-12,0.015935191981876984,0.005790662952077308,-0.015948922536706572
2024-06-13,0.010719916978637306,0.010565565187011822,-0.005702616581220343
2024-06-14,0.007211125479105296,-0.0010514540809034856,-0.006614547981994512
2024-06-17,0.00022119946884982533,7.532795639692003e-05,0.00031097433684221243
2024-06-18,0.002674931360120286,-0.00037482554470091856,-0.0003133318272239005
2024-06-20,-0.018535631829895205,-0.005622193505022716,0.015258035990478203
2024-06-21,-0.007132957731374734,-0.0018559479022209335,0.006321210551337719
2024-06-24,-0.028537590130192914,-0.006484019357687609,0.025335143972817498
2024-06-25,0.02338118653541335,-0.019156069579089413,-0.023065590175479905
2024-06-26,0.005721159791193531,0.0024652680778293745,-0.0025689045596910265
2024-06-27,-0.003292916981598226,-0.0021526948963185577,0.004903023956904451
2024-06-28,-0.008927162464001881,0.017658288733776922,0.012645865836514891
2024-07-01,0.0019537022917569535,-0.013823790462999253,0.001829408211624417
2024-07-02,0.00043812745516827456,-0.00047049885579095174,0.0033074415794959455
2024-07-03,0.010452686184381443,-0.007235050539796978,-0.010556485181792197
2024-07-05,0.016764612418485064,-0.0036580016857169217,-0.01624850002750053
2024-07-08,0.0023968563283844058,0.00911578361601384,-0.0019653689985595635
2024-07-09,0.007765676969885893,0.0013006652408276975,-0.011472770942071692
2024-07-10,0.0007150102249554036,-0.001662199781857998,-0.0032075136619030276
2024-07-11,-0.01860267741747787,0.016680832952528202,0.027378683452262714
2024-07-12,-0.00692708637420672,0.0009678418030778235,0.0037086022391324136
2024-07-15,-0.011027998161616204,0.001746681274988171,0.011123955388653572
2024-07-16,-0.007279172273828627,0.020048681312025807,0.008632258220445221
2024-07-17,-0.029908232392801576,0.024226239372302866,0.0396793113167323
2024-07-18,0.01805474243779423,0.005475891906411207,-0.010455842897611312
2024-07-19,-0.00182247891285775,-0.003600719068381053,-0.004067542602145702
2024-07-22,0.021238924208440813,-0.007674495516943547,-0.022571896574669875
2024-07-23,0.0021853357629601222,-0.007998433130418925,-0.007391421916136509
2024-07-24,-0.02543665957504343,0.0219552849105997,0.03615224547532461
2024-07-25,-0.011351627696470384,0.012550576541330905,0.017813193803193572
2024-07-26,0.007496832370481377,-0.0003734021251241282,-0.008250012123145994
2024-07-29,-0.0016022225393673983,-0.005103462280281579,-0.0013397001235933292
2024-07-30,-0.02434481564982305,0.010273811889297296,0.02816068230405533
2024-07-31,0.03315503308077217,-0.00023141122695721772,-0.03601419094663011
2024-08-01,0.011794444123296693,4.800354276579544e-07,-0.011064088021077306
2024-08-02,-0.00431320300849955,0.010745728928376663,0.00244625156270048
2024-08-05,-0.003661929154888749,0.007270917587990172,0.011190469772854816
2024-08-06,0.024014121539711664,-0.002419674522515014,-0.022905786465148098
2024-08-07,-0.017114901569160207,-5.609703353703921e-05,0.017319011911732546
2024-08-08,0.01809688057818759,-0.0019845787161433814,-0.017479098148385885
2024-08-09,-0.0008299542405078852,-0.006768027959197287,-0.0005682435200660974
2024-08-12,0.007477956070592456,0.0009682190623441778,-0.00894491520092247
2024-08-13,0.019629170099013687,-0.007159692922547117,-0.026322354110505986
2024-08-14,0.0019238179683958578,0.002446637746162328,-0.00012020337723062102
2024-08-15,0.008073298972969933,-0.0048178389612262285,-0.009909331998462834
2024-08-16,-0.0033909159864687344,-0.0019711565980072565,0.0007321309832619971
2024-08-19,0.009892548447996113,-0.0004134305992323506,-0.008953963172697976
2024-08-20,-0.003535521044193357,-0.010149048961180018,-0.005481882138374861
2024-08-21,0.005489810801185324,-0.0021938337675430353,-0.0069611960335964895
2024-08-22,-0.009409973061942578,0.00934161998137345,0.013407286873462432
2024-08-23,0.0037132063791559256,0.0026478312034004525,-0.0028206027991050375
2024-08-26,-0.010745982948818206,0.008076865313334042,0.01572286792758834
2024-08-27,0.004342466121697419,-0.0034309955516973745,-0.007655571490220475
2024-08-28,-0.0030543411925407493,0.0016878070022336156,0.002278398704869372
2024-08-29,-0.02133953215376358,-0.0004354184347439283,0.02115133063635008
2024-08-30,0.005235716701606108,-0.0025542817269183227,-0.004778319707009121
2024-09-03,-0.01603174556343659,0.009772346107346758,0.01759735417693059
2024-09-04,0.002965949557593772,0.0017284542314172646,-0.0038639809013725213
2024-09-05,0.00463676460094109,-0.006966771623090201,-0.008319455767644257
2024-09-06,-0.012280079997173815,0.005261920143440957,0.012863024826305025
2024-09-09,0.00786698893112825,0.0014919544063996815,-0.0027087542238908857
2024-09-10,0.008421224137116212,-0.01135328322684731,-0.016623798611854812
2024-09-11,0.021597995822556226,-0.014586262305776143,-0.02697577069916343
2024-09-12,0.0089813015646511,0.00041305222518822626,-0.0056642202555542975
2024-09-13,-0.0027612837278553626,0.0005280180223573849,0.0028844693103588503
2024-09-16,0.003811858290885428,0.008716950354276859,0.006640712886867406
2024-09-17,-0.003988060497043033,-0.00423503205662934,0.006705490447200313
2024-09-18,-0.009497924509266759,3.534649800657208e-05,0.005876294365918938
2024-09-19,0.008697211192199406,-0.012282286031623624,-0.014865329401985261
2024-09-20,-0.0034180088675975218,0.00021079887047029122,0.0025765775326992424
2024-09-23,0.0006264703884662493,0.0067476675740988645,0.005801652820729142
2024-09-24,0.008593777391803503,0.0016250321372843213,-0.010247639319538954
2024-09-25,0.014670246789216579,-0.004996008967939641,-0.018440453772178372
2024-09-26,0.0030342484090465083,-0.0057490868491791025,-0.008595475125866614
2024-09-27,-0.011991320539943645,0.011365411316778262,0.018387881199177586
2024-09-30,-0.006455792948285188,-0.0028117807697419783,0.0037597352377248816
2024-10-01,-0.004220012618718655,0.018058322000997218,0.01728513615745239
2024-10-02,-0.00035167168620098277,0.008661722206374178,0.0030361562621657456
2024-10-03,0.013487776048536376,0.0039437045452667685,-0.01008338771518763
2024-10-04,0.009453291868945862,0.002971452093733118,-0.006116253459467952
2024-10-07,-0.0007897356800471433,-0.004495865442564695,-0.0050232355882163515
2024-10-08,0.024147984457786292,-0.014648475008414485,-0.006681546594244192
2024-10-09,-0.003070115527332079,0.008766135010661175,0.00425374956463101
2024-10-10,-0.002527660327187098,0.0008179864327523267,-0.005884236844958729
2024-10-11,0.0003200494450568969,0.008644093121305402,-0.0011305595511184874
2024-10-14,0.004718759683988438,-0.004102188063792839,-0.002433796341011929
2024-10-15,0.0007138762966040213,-0.005780513107710272,0.013329975471513877
2024-10-16,0.0014479581991686252,0.004384568242188053,-0.0035256933477771646
2024-10-17,-0.0012199623073211041,-0.003741097571280272,-0.003726696130336188
2024-10-18,0.003204514097515432,0.0008852326508462793,-0.0012511868474709142
2024-10-21,0.009414672629694754,-0.011588736833927,-0.01458615627877588
2024-10-22,0.0014116654472857981,-0.0022174442823718055,-0.0003561066233495058
2024-10-23,-0.013266308052826081,0.011803826228687114,0.011809254458752444
2024-10-24,0.0047999191399793195,-0.0032755554939351006,-0.0013583901003855203
2024-10-25,0.004031256792495025,-0.005715621976223162,-0.00474796596905977
2024-10-28,0.0020217395629261725,0.0035486801994244754,0.0012436602965021637
2024-10-29,0.014597545295435749,-0.012094702769078564,-0.009548001449794674
2024-10-30,-0.0019554442732285515,0.006066950968623502,0.0027262520064737505
2024-10-31,-0.023530122545881216,0.019947028805562983,0.007688656949218886
2024-11-01,0.0015644766460341242,-0.002282081339963965,-0.003049663108877526
2024-11-04,-0.011086082231566957,-0.006199773622579369,0.002390230815929262
2024-11-05,0.012503682565089241,-0.0062365169771287365,-0.0076393137974753444
2024-11-06,-0.001291642267769011,0.03191912889846693,-0.012044301756643894
2024-11-07,0.015397799210539465,-0.02133878079366741,-0.003952320653098973
2024-11-08,-0.003268753787073281,0.008008581273334453,0.005441108097123781
2024-11-11,-0.004624686737494749,0.01290008323133951,0.005422588144108842
2024-11-12,0.008104079850881851,-0.00987040151649704,-0.0061099550094568245
2024-11-13,-0.013314401393570707,0.00355650298654972,0.011158147881182634
2024-11-14,-0.00540400998548618,-0.004125882219636251,-0.0013440144294668277
2024-11-15,-0.014960516718379002,0.02130753380177533,0.012692387347281536
2024-11-18,-0.006690917978492306,0.0017034830163613623,0.004919941302558628
2024-11-19,0.020548624448243014,-0.02259643103513187,-0.01625014443347511
2024-11-20,-0.006202226387050841,0.007737144575957006,-0.005624441396110791
2024-11-21,-0.0035476970119594775,0.002616858286524887,0.005189615876492831
2024-11-22,-0.010641013766077762,0.010900209699848007,0.018116559512890013
2024-11-25,-0.0009590631730519161,0.01585440269949165,0.014008448323420769
2024-11-26,0.006168238814888288,-0.005307046568773566,0.0006041650444742475
2024-11-27,-0.003473728030905371,0.00525174115183949,0.0018092622024945548
2024-11-29,0.0072643639188277875,-0.0069463705533863995,-0.006211085811399009
2024-12-02,0.008545261736991328,-0.012906620834739008,-0.005569052305339245
2024-12-03,0.012548268325816875,-0.014522895815893944,-0.010192338548887181
2024-12-04,0.021511664690149257,-0.007904417880142678,-0.005977534239347382
2024-12-05,-0.004784729204279692,-0.008791696504869578,0.00426181152030411
2024-12-06,0.010630292091277166,-0.012336045889383113,0.0017902015685735961
2024-12-09,-0.011947480706930302,0.01285283039205462,0.010570779559221977
2024-12-10,-0.00375631593341616,0.005456779548903085,-0.0009535023780607721
2024-12-11,0.016162886315809782,-0.026555215374311825,-0.010764845104655169
2024-12-12,-0.0016581273183185474,-0.0060976546503079265,0.0004702170795062022
2024-12-13,-0.006213983292445213,0.010404485198662577,0.010033210277524213
2024-12-16,0.010253750454919053,-0.008513264892386269,0.0010748366686843536
2024-12-17,-0.0018190787430405198,-0.0028110375626221873,0.005196903603207875
2024-12-18,-0.0013348706351069828,0.01074903295281221,-0.00653915452612161
2024-12-19,0.009976121552941114,-0.005181587647769548,-0.00854644805165028
2024-12-20,-0.0005054323801460814,0.007180368750412586,0.0013172605270279358
2024-12-23,0.014235452749126687,-0.011525487824945613,-0.016329402406211307
2024-12-24,0.002520509306483898,-0.00028453346253376477,0.00041712059151566283
2024-12-26,-0.0027817708956821563,0.005677923587235623,0.0010016858657511118
2024-12-27,-0.006694968003616242,0.004090775920733952,0.000915774516697776
2024-12-30,0.0006088183357989829,-0.0002951407513499815,-0.002796437512063571
2024-12-31,-0.015612837067753182,0.00769377919358008,0.005999391501871981
2025-01-02,0.010722772175815687,-0.01371098423057035,-0.015418760386623653
2025-01-03,0.010159103039524997,-0.005759371751221987,-0.010070853180603856
2025-01-06,0.02043150586037154,-0.020048030656839272,-0.01637618884555886
2025-01-07,-0.024663611793755036,0.004775501704050722,0.014756796057962401
2025-01-08,-0.00913389245939189,0.00887208268965381,-0.008617390027339772
2025-01-10,-0.00828838787695968,0.005963592653416394,0.0023818134001046265
2025-01-13,-0.021412942330468338,0.011252371534674732,-0.0010220478563234825
2025-01-14,-0.012240256092640317,0.006081730018626774,0.001346421893705263
2025-01-15,0.01599027971399669,-0.005857002658074761,0.0006442966269031292
2025-01-16,0.006188299886986215,-0.006722718470641514,0.009476829756395466
2025-01-17,0.005478065071242572,-0.010362333641416005,-0.0032127746206707386
2025-01-21,0.00470120426336168,0.0051030921346565394,-0.023004125165288714
2025-01-22,0.019333026493424776,-0.012549995106721085,-0.011582341799262486
2025-01-23,0.0012523950269376638,0.007504931956634903,-0.003864045732215299
2025-01-24,-0.004191031642708287,-0.0008512717831973826,0.002153079514384454
2025-01-27,-0.04534321189069862,0.021305647966856855,0.04867068341250935
2025-01-28,0.02988938518583001,-0.011480276832085634,-0.017533727113513226
2025-01-29,-0.006601301200930554,-0.004254766349669731,0.014883221805978286
2025-01-30,0.0013218226773663022,-0.00029919643035017374,-0.005168673400990309
2025-01-31,0.004421844768082522,-0.010090648533181923,0.0026722885209562175
2025-02-03,-0.006969891563942149,0.004360424946677571,-0.0033777067656756976
2025-02-04,0.0014265723000246033,-0.010859390020490273,0.008932477224550789
2025-02-05,0.016223185574895604,0.0231447692331761,-0.010972762330243718
2025-02-06,0.016541637580161805,-0.007487947863676819,-0.005678249437062105
2025-02-07,0.0033766504911107442,0.012782521518823448,-0.005765557740809335
2025-02-10,2.2445346186006354e-05,0.0011926893852365894,-0.005117041559917379
2025-02-11,-0.0035428464256419545,0.0036382656942365865,0.00821839755311976
2025-02-12,0.0058992259515864565,-0.002168374474555701,0.00322371081532552
2025-02-13,0.005633829181405481,2.263389817080963e-05,-0.002968296312185148
2025-02-14,0.011073923844768907,-0.0023296834686499512,0.00046333209020466004
2025-02-18,0.0036600279095071464,-0.010467719151303345,0.014143713005515673
2025-02-19,-0.011562498695035922,-0.0017556453720922183,-0.004070335837219524
2025-02-20,0.0001443518907016661,0.00037840505340458463,0.007470005247835421
2025-02-21,0.006660436362324551,-0.010126098053241328,0.024839370753235
2025-02-24,-0.012276445141506331,0.0005426430725434805,0.013232165374934657
2025-02-25,-0.013453437492710052,0.017141359791360083,-0.0013159458076696107
2025-02-26,0.020994548421839898,-0.003382321948622341,-0.012946692784776281
2025-02-27,-0.0320777869409464,0.015211013158675901,0.01690818623909071
2025-02-28,0.007181501227225218,0.0005889273956974916,-0.005878673005629331
2025-03-03,-0.013774544792233279,0.00483165616542347,0.01394215216263578
2025-03-04,-0.003780290961395899,-0.005457264713371379,-0.010992913736029147
2025-03-05,0.010492729357101355,-0.00488485713236636,-0.008628416450894044
2025-03-06,-0.03492605605836127,0.013335653181776014,0.01291137306158191
2025-03-07,-0.004603931294705682,-0.000660371016429101,-0.0005205397720515759
2025-03-10,-0.020012777542773197,0.01001976643234076,0.012600465392638982
2025-03-11,0.009894531924684563,-0.0011770771085765075,-0.020390232616475212
2025-03-12,0.02660897191017736,-0.012468597423866357,-0.0179715661515934
2025-03-13,-0.013767488490152885,0.002534653510674778,-0.009332169352399083
2025-03-14,0.011328523372501509,-0.0028034396360812064,-0.004901071999968198
2025-03-17,-0.013520137701259288,0.011916096087418365,0.0038444061108379723
2025-03-18,-0.0235775308167184,0.00841353225312827,0.004386446712107112
2025-03-19,0.0005170806927220217,-0.006081220232988099,0.002662395444544857
2025-03-20,-0.002142483907946746,0.007926744025522348,-0.006435467060276007
2025-03-21,-6.108126343787323e-05,-0.0038025096845411,0.0030433588427803138
2025-03-24,0.01711563960777407,-0.0057925406596004425,-0.004244011811063986
2025-03-25,0.0016232981512678546,-0.010703841038668893,0.008094557505139127
2025-03-26,-0.025855088773482,0.0167399195178968,0.01315425004246809
2025-03-27,-0.005396405690133055,0.00320302428806446,0.008131791469634858
2025-03-28,-0.013984278313629528,0.019914312244147025,-0.0031908006115227705
2025-03-31,-0.008646819159290109,0.01224571571062849,0.006606807206180482
2025-04-01,0.006741821136263426,-0.007400623463794692,-0.0023579109765045625
2025-04-02,0.0027179746867438404,-0.0012366304555731789,-0.0006440247176505987
2025-04-03,-0.034606424187702295,0.030649358758022993,-0.024981106523476515
2025-04-04,-0.0033589968477129306,0.010344833464722841,-0.01069771540522943
2025-04-07,0.0201612905988221,-0.01712173801408809,-0.021198585634841643
2025-04-08,-0.014017780381778394,0.01898610747639687,-0.02781565170646519
2025-04-09,0.03006737757042005,0.04358217469596776,-0.0360044860979421
2025-04-10,-0.0039695416351760715,-0.02660619680230597,0.0207782610952483
2025-04-11,-0.00016823394082338128,-0.003234680655169797,-0.005352969669864649
2025-04-14,0.010143093328606412,0.0066949292164576735,-0.0023800428842465915
2025-04-15,0.0035125895589755984,-0.001982878680409611,-0.008807745757533458
2025-04-16,-0.007576298418144056,-0.015788486457119333,0.00664628874760087
2025-04-17,0.00474344513558797,0.056464780084573285,0.005924887329090606
2025-04-21,0.0007201286594332723,0.00581180393966052,0.0036389513906623927
2025-04-22,0.005445218423567877,0.008280528923942876,-0.0036105878360288
2025-04-23,0.0075513050307073615,0.010002223512251107,-0.007575134846573628
2025-04-24,0.0006374851094147482,0.009060582263037742,-0.005760735220340818
2025-04-25,-0.0019408970864311925,0.012132490146791658,-0.009019480980500788
2025-04-28,0.0020359993592261316,0.0016822589942675215,0.003526423696909281
2025-04-29,0.0012066162727714103,0.008382040906493776,0.0014778120419218777
2025-04-30,0.006427426788060409,-0.0022761177850596226,0.0026649216497083295
2025-05-01,-0.01558638354020303,0.015752035894549904,0.008503010210880235
2025-05-02,-0.010624302318861883,-0.0037174985092285895,-0.0018658607778507807
2025-05-05,-0.004343705319925784,-0.01002875568238587,0.0029705604091260496
2025-05-06,-0.006881569599523796,0.004170329997645411,0.0019087686800399462
2025-05-07,-0.0014655166531863106,0.003243547185992568,-0.006548175877031603
2025-05-08,0.0015516531633464892,0.0015148147809538604,-0.002669082831577907
2025-05-09,-0.0013068715026859912,0.0025771835709822444,-0.00023875705408832326
2025-05-12,0.01616226964751777,0.029949030432199403,-0.008727938280429337
2025-05-13,0.007189717552370661,0.050651264646969424,-0.02140889383969033
2025-05-14,0.0026440218127465887,0.0007702721232950849,-0.012048320607496138
2025-05-15,-0.0023776168978950907,0.018674090356368328,0.003651218886094182
2025-05-16,0.0013148390103664698,-0.017666052284944084,-0.0002788552922058929
2025-05-19,-0.004209778932774633,-0.02093269907101092,0.004016496467817793
2025-05-20,-0.0007085194496929403,-0.008857133222299862,0.0026376002067804993
2025-05-21,-0.005019462262731228,0.012433310596374314,0.0030098685384888635
2025-05-22,0.001505462516025402,0.005078889450514823,-0.005873354942864756
2025-05-23,-0.005004997016901658,-0.010407362950546895,-0.0021385646824115256
2025-05-27,0.006479043123434836,0.008498800487032582,-0.004059619592521102
2025-05-28,0.002514516181469001,-0.00018666782488760414,0.000846483489300387
2025-05-29,-0.0041988276463384155,-0.000900547877250607,-0.005773794093584639
2025-05-30,0.0005733974006310316,-0.0007150042050728111,0.008793527159568687
2025-06-02,-0.00236945360058452,0.007144954997352737,-0.0027920442831446124
2025-06-03,0.001719019719197079,0.0017874796308033902,-0.005101845663789184
2025-06-04,0.0006604909551833904,0.009978758784469799,0.0007038881531723218
2025-06-05,-0.0008213919800824365,0.0020167791771446286,0.002116427796274495
2025-06-06,1.636711369901178e-05,-0.0009643941172580717,-0.006316754456927892
2025-06-09,-0.0061615032899583755,-0.005261459015074965,-0.0015999131800620292
2025-06-10,-0.00232686811854782,0.0022800359411264126,-0.001993870411899634
2025-06-11,-0.0067927326341102046,-0.01289074241734059,-0.005996078403698091
2025-06-12,-0.003361933157239927,-0.0062282736274497374,0.001003929854038632
2025-06-13,-0.011482411155880001,-0.00026631979768731995,0.0019586471679581274
2025-06-16,0.0053350669118310545,0.007586706736248311,-0.009195889618606207
2025-06-17,-0.007585316272773868,-0.005450362411440868,-0.0016907395448751694
2025-06-18,0.006069409869289777,-0.0020891056629531446,-0.006705466123895665
2025-06-20,0.005952629113604974,0.0040737466298144676,0.0010003099728273512
2025-06-23,0.00494196823442844,0.004678197774958509,0.006823921876736139
2025-06-24,0.009889861565158115,-0.003390044979213136,-0.007816486679302403
2025-06-25,0.003331642561996362,0.0007931009309909975,-0.01166449236824102
2025-06-26,-0.0006096956404401388,0.0008228408485646266,-0.0038392824432327832
2025-06-27,0.003572820318567399,-0.0012460120832873955,-0.002885641967323993
2025-06-30,0.014085736377367764,0.001853642087191798,-0.007193591511867409
2025-07-01,0.0021278203518546313,-0.014948865254262506,0.009628830115751857
2025-07-02,0.005240241624447445,0.01646737714183097,-0.01114402397733577
2025-07-03,-0.0025076128940345055,-0.0022381173736830684,-0.002212089127032968
2025-07-07,-0.005629057048603586,0.0028812556143879564,0.002851722265145795
2025-07-08,-0.01110613538352273,0.0054634564417108955,0.001371712752146842
2025-07-09,-0.0015275742455670704,0.009101948605168747,0.0016347555656194002
2025-07-10,0.004537116568378102,-0.0020211564880984467,-0.005865566380802906
2025-07-11,-0.0049838944219070536,0.007669398731613319,-0.008397360716812102
2025-07-14,0.010465794789393051,-0.002665747335521218,0.005812910880973188
2025-07-15,0.0011466768055880538,-0.013092163477710084,-0.01233444679722992
2025-07-16,-0.0003150990217239136,-0.0012259313510243341,-0.003150966928696902
2025-07-17,0.006462046457509307,-0.004271298524749556,0.0061158226496055845
2025-07-18,0.005361462434291614,-0.0026927762510282893,0.0069883837108318525
2025-07-21,-0.0021431059656479567,0.008648784999517628,0.004914727992966661
2025-07-22,-0.006492657358704079,0.012605151006241211,0.00887797113290928
2025-07-23,0.004500214900532734,-0.006699454025628271,-0.003912907722142089
2025-07-24,0.012762325300620214,-0.01426752289185998,0.005230048150473732
2025-07-25,0.0027857806712741073,0.00047820573954265866,0.0013725249105447923
2025-07-28,-0.003254071916482526,-0.002688707150101305,-0.004651613473974636
2025-07-29,0.023738808121993193,-0.015662128173590556,0.019440917475024966
2025-07-30,-0.00037252857100211756,0.0008196975458197864,-0.01142013942041123
2025-07-31,0.011978226453789986,-0.016974166911644745,0.011539640671167223
2025-08-01,0.007420128069545534,-0.004742608860108827,0.01602959910697238
2025-08-04,0.0054506690304799155,-0.003649670970383656,-0.003397458689527455
2025-08-05,-0.014084760270305419,0.01410050694510906,-0.0074204610890588885
2025-08-06,-0.006216448524902496,-0.006330635389935196,0.004456818810243568
2025-08-07,-0.012328256958608341,-0.0007371137884057133,-0.004943282128950843
2025-08-08,-0.014827829474154786,0.009388387009521382,-0.006351354113916519
2025-08-11,0.0005986251582925373,0.002532799191785645,-0.00011262682274923441
2025-08-12,-0.0006003982965534505,0.0021227764049898123,-0.0023195125458369548
2025-08-13,-0.015333144602271864,0.00979278903861916,-0.0025665670673098717
2025-08-14,0.004849838755973557,-0.0005158694054323565,-0.0013859573295796346
2025-08-15,-0.0373007564051929,0.03879872263190953,-0.03149556459004843
2025-08-18,-0.0019513213247925043,0.000950321097798329,-0.007879889233054688
2025-08-19,-0.00022102181145652877,0.00621081832882428,0.01936509574318554
2025-08-20,0.009665549193783124,-0.005821980691040202,0.0019639343388293262
2025-08-21,-0.003998258330167814,0.005705343220716114,-0.0055006878389930736
2025-08-22,0.006615794366065353,-0.0020692696981888248,0.005922344790943723
2025-08-25,0.0005649557583510267,-0.0006821294283497481,-0.003961174633079989
2025-08-26,0.00781594912918207,-0.011414813128432844,0.003187460267787101
2025-08-27,-0.003322531829898112,0.0032747238410590906,-0.0016131855072000767
2025-08-28,0.0010750083513870468,0.005156210679680584,0.004288196883303397
2025-08-29,-0.006185739084834135,0.01673967646403529,0.0019162245492440888
2025-09-02,-0.00278776574421713,0.0070155867784763015,0.004033922727395917
2025-09-03,-0.009035312901832515,0.02242983093975892,0.0016819654932758998
2025-09-04,0.006470165244727211,-0.003992318943763173,0.003916272952872835
2025-09-05,-0.015277850126338144,0.017267205964307836,-0.0006369597199928079
2025-09-08,-0.0019802155782405184,-0.00010981995334297112,-0.0064408823146234195
2025-09-09,-0.006236625699643672,0.01649494728107609,-0.02376156251020939
2025-09-10,0.012994157889619357,-0.012770182070695885,-0.007811830574777079
2025-09-11,0.0006018469176530261,0.0014681830758742631,0.005628267927643871
2025-09-12,-0.003996274134032474,0.00024011861000067247,0.000534032769361148
2025-09-15,0.002679208235423808,0.007454210838630515,0.0034511333189505833
2025-09-16,0.004140424017288258,-0.001847726354788748,0.009354131636225088
2025-09-17,0.0026072677419916035,0.0035200051589462655,0.004645391750559585
2025-09-18,0.010493245217782637,-0.014375594771671912,-0.002291330196105029
2025-09-19,-0.00795296183057953,0.003240204619443743,-0.0018410367568003905
2025-09-22,-0.015881481573810197,-0.0087209105401434,-0.017321271638573832
2025-09-23,-0.002593944432231904,0.01063651230935686,0.0019509899964332833
2025-09-24,-0.004642266836412279,0.004824416357112754,-0.0010667460633382864
2025-09-25,0.0006820553269377416,-0.007559153275925767,0.002032679935021625
2025-09-26,0.006962504881004056,-0.0034492073222751607,0.004068741948029531
2025-09-29,0.00041764997293547435,-0.007362243209603436,-0.008232562561784756
2025-09-30,-0.0029050459502353576,-0.0049731060825322915,-0.007784794257098743
2025-10-01,-0.010121048105050545,0.006541764006952416,-0.011838171225622252
2025-10-02,-0.010028041409343269,0.004444696438037077,-0.009901635443900159
2025-10-03,-2.9116470067480638e-05,0.002514676759660245,-0.0008514113608220353
2025-10-06,0.004959789903910106,0.00480335146793931,0.000664709506140837
2025-10-07,-0.006644837551498917,0.0016563314055190181,-0.005556693287744913
2025-10-08,-0.012977418595815388,0.001805075644673304,-0.014727944765839301
2025-10-09,0.0018936105230797085,0.0008041769436552548,-0.003883772216886544
2025-10-10,0.0036608491998513515,0.009947993297099222,0.009311478020223557
2025-10-13,0.009000324232940116,-0.003384254996124769,0.0007742983158311456
2025-10-14,-0.004755831328798615,0.013934138891047054,-0.0034373651001952943
2025-10-15,0.005432068301370552,0.0022073501192729494,-0.0010676735725811681
2025-10-16,0.0024987432971971535,-0.0033527454535042245,-0.001723196096777485
2025-10-17,-0.00415088296761254,-0.0022154563653113413,-0.0015116591757981523
2025-10-20,0.0008377031875057561,-0.005670522451495658,-0.005247010984252842
2025-10-21,-0.00798857638266487,0.003188321575105929,-0.004922566921552046
2025-10-22,-0.005290173685490535,0.004137824928777761,0.0014904247737893284
2025-10-23,0.0014069978921450732,-0.006031260284704826,0.0008932141762642842
2025-10-24,0.0176285728268753,-0.006191003828614372,0.0035656933373997557
2025-10-27,0.007350142812823146,-0.009410415818431245,0.0002450494743296838
2025-10-28,-0.00031491210275269577,-0.012113731705568787,0.004479732610175702
2025-10-29,0.009249960571904081,-0.013044811911621157,0.008356409550634825
2025-10-30,0.019732804027200956,-0.023903026154101226,0.03165950294196013
2025-10-31,0.002525103406212925,-0.0053290358393714155,0.0066873472808835766
2025-11-03,0.0080288128633694,-0.009118822337759874,0.007991000385958597
2025-11-04,-0.0023736548763382548,0.008029344385327347,0.004903815837332598
2025-11-05,0.010155203989742068,0.0016952453155368863,-0.00262491003152332
2025-11-06,0.0015608348219404433,-0.0004030905405892349,0.007837652607651346
2025-11-07,-0.0135902688397532,0.003612375896140524,-0.0026898251097560166
2025-11-10,0.013452676912629302,-0.012037099296547754,0.004738450998740096
2025-11-11,-0.002708317252738457,0.0027167596505649205,-0.0023892670821926143
2025-11-12,-0.0005046706884851426,-0.00849321813359083,0.003343229648176682
2025-11-13,-0.013667187583462664,0.0077278849545210915,-0.007906683460639746
2025-11-14,-0.001700272053459212,-0.007988470227314332,0.006871456530175485
2025-11-17,0.007350282675466335,0.0031926187766425085,0.00011074982027553526
2025-11-18,0.00213458397989455,-0.009802555539238006,-0.00034081578928232825
2025-11-19,0.017730133787532437,-0.012713688123622113,0.006508367401349746
2025-11-20,-0.008056439779866809,0.007951600561223043,-0.009517518842029032
2025-11-21,0.0020321320976446344,0.007908280664147838,-0.012527829250997685
2025-11-24,0.024260891336320534,-0.0062073791183882565,-0.006211551383574931
2025-11-25,0.004966678354567239,0.025737652558288415,-0.009342259374147732
2025-11-26,-0.0016275243437026132,-0.0018462299959087214,0.006686115350734212
2025-11-28,0.0007020581585393537,0.010028153541404516,0.002069416081771913
2025-12-01,-0.005282722713906451,-0.0103791654951981,0.001705275007814172
2025-12-02,0.004968248920588919,-0.0047470569026571985,-0.0026263030163785617
2025-12-03,-0.007354887470461813,0.004200691731773065,-0.01159739060736975
2025-12-04,0.00478251952654013,0.003195681264216349,0.0008128648252238302
2025-12-05,0.011079543256842073,0.009974682857103595,-0.002191356983901771
2025-12-08,0.0028982423462454443,-0.009276467994799503,0.010523174521206435
2025-12-09,0.0006527038507012917,-0.005584154892317977,-0.00744505822724198
2025-12-10,-0.0003339297346033332,0.0018091976706899049,6.122746068656926e-05
2025-12-11,-0.006312883496259553,0.010048487139612067,0.0010689687465950115
2025-12-12,-0.011131353689667056,0.006224955207037003,-0.0022023360921633595
2025-12-15,0.002365449765291877,0.0015609437639835522,-0.0016974906903852172
2025-12-16,0.007323624223020825,-0.0017802820979069822,-0.0013301535734998315
2025-12-17,-0.01400065998416053,0.012033959728011134,0.004239541439217676
2025-12-18,0.01045739802416465,-0.0004808075176717663,-0.0005678932613520371
2025-12-19,0.009012889820703168,-0.020365918703595276,0.007050353024943473
2025-12-22,0.002274637558450504,0.0007803187070195006,0.004809278745892986
2025-12-23,0.0020312688761403574,-0.00851991493808349,0.0021692884552285685
2025-12-24,0.0005867903049264767,0.0021606576754647777,-3.507944675701369e-05
2025-12-26,-0.00450106831977215,-0.00200976662821864,-0.002763849830378501
2025-12-29,-0.004858983951296192,-0.0006972911047386232,0.00042681072777986384
2025-12-30,-0.00534462211588424,0.003488191019938719,-0.005262530155175832
2025-12-31,0.0006768756477725513,-0.0013207002205762874,0.0008356417782246772
2026-01-02,0.002205987003818133,-0.004785032579599807,-0.004088910599700901
2026-01-05,0.0007259096594574577,0.00639604852114431,-0.0008702954936308516
2026-01-06,0.003630585293099814,0.010225589771480331,-0.0012258996549858736
2026-01-07,0.012790645562556019,-0.005241741165897734,0.006621068587229995
2026-01-08,-0.012051611904482257,0.01312585911007949,-0.0033852185059111695
