,strategy_returns,benchmark_returns
2021-01-04,-0.0008170719394803008,-0.008175773383949795
2021-01-05,-0.005838418576300686,0.013235302033605132
2021-01-06,-0.031428153874081544,0.0020600951813086374
2021-01-07,0.0030623229577399214,0.021361603785948768
2021-01-08,-0.0016590431836083497,0.003964627799600652
2021-01-11,-0.002840365988549143,-0.0022585800854607687
2021-01-12,-0.007289520141092493,0.0033888407829322973
2021-01-13,-0.004242674195228724,0.003953278034167562
2021-01-14,-0.022552466948126043,-0.004055350320553745
2021-01-15,0.016806925645457355,-0.010168620853645052
2021-01-19,-0.0028321235009780565,0.010508557885485667
2021-01-20,0.007768192924321016,0.01792466124262156
2021-01-21,0.022977489126128486,0.005474360988402964
2021-01-22,0.007102285485430598,-0.0010702658751206666
2021-01-25,0.005784662794901196,0.0002786876968263093
2021-01-26,0.0003457056797097069,-0.003359315262799182
2021-01-27,-0.007291053511132267,-0.02465998445098248
2021-01-28,-0.0020858275052088038,0.006183575843683342
2021-01-29,0.0017150185083853187,-0.021173812849612967
2021-02-01,0.0017741858695776713,0.01637738411289852
2021-02-02,-0.003673397750660834,0.016221481516948428
2021-02-03,-0.011307630123987528,0.011587880200103559
2021-02-04,-0.0038396182556452163,0.007188786463769942
2021-02-05,-0.009195834019669835,0.0034193759480705688
2021-02-08,0.0019684527935483476,0.013169877859009887
2021-02-09,-0.0020220758822460105,-0.0023392057845549688
2021-02-10,0.007952741535410868,0.007825916664077568
2021-02-11,0.013733473739252905,-0.0017002203775379199
2021-02-12,-0.011304749525299973,0.0022500834035225994
2021-02-16,-0.009283280065747107,0.00794355134991225
2021-02-17,-0.0065674618888610925,0.004299314103828787
2021-02-18,0.003686172903770435,-0.004130208730956532
2021-02-19,-0.007222764738370885,-0.003153799003588892
2021-02-22,-0.024508602187113787,-0.0053545199209129035
2021-02-23,-0.0169865032068455,0.0019549528595379597
2021-02-24,-0.012382040398126487,0.010225295464650416
2021-02-25,-0.017545960734602267,-0.026532625887343536
2021-02-26,0.023535862932920565,-0.0003002569660006116
2021-03-01,-0.009497301271953917,0.024089959123874904
2021-03-02,-0.006859881235311949,-0.009486383513114871
2021-03-03,-0.020870414885292926,-0.011018331258241051
2021-03-04,-0.020573967252159736,-0.0039965914697005596
2021-03-05,-0.0056098105184502756,0.01930008419769853
2021-03-08,-0.015052233517994867,-0.012648848641557539
2021-03-09,0.03143286283002725,0.019698216195294115
2021-03-10,-0.011365677376642236,0.006867749390569981
2021-03-11,0.016149720787203392,0.014038277879244979
2021-03-12,-0.004349415737614215,-0.0002175953677590048
2021-03-15,0.019122058969528233,0.002489924494450605
2021-03-16,0.01336416231517687,0.0013229474185375474
2021-03-17,-0.004549129590400491,0.0032100399995004247
2021-03-18,-0.00214716812289667,-0.017023588757179454
2021-03-19,0.013054917831421209,0.004523483683625179
2021-03-22,0.015774847221072447,0.0040163734832570535
2021-03-23,0.0042959092046694625,-0.00392802924680577
2021-03-24,-0.01280422332869316,-0.00421463947460247
2021-03-25,-0.0008410620829983617,-0.0005975151864641148
2021-03-26,0.0006691870212964801,0.012896082687000626
2021-03-29,0.006025364343451883,0.0017349542956553259
2021-03-30,0.0008354161185291087,-0.0037502042806286475
2021-03-31,0.017041293172081223,0.004811611467341502
2021-04-01,0.0013124078755307744,0.015115529560376845
2021-04-05,0.011947269884035189,0.013325055640818873
2021-04-06,0.0047641642720858985,-0.004497318935862508
2021-04-07,-0.0015738473449028179,0.009893664074340345
2021-04-08,0.006810257459624852,0.004474516308115665
2021-04-09,0.0014445598625018041,0.00961170680847743
2021-04-12,-0.0030155008604212385,0.001586189407605576
2021-04-13,0.004674855063314692,0.003997807914365566
2021-04-14,0.007286208679718936,-0.003925374848084806
2021-04-15,0.0008098288618642036,0.01571478721682476
2021-04-16,-0.0006598762039085881,0.0012918292223653427
2021-04-19,0.0059910959637012595,-0.005337144964182731
2021-04-20,-0.009504578374879974,-0.010645689795410557
2021-04-21,0.0027251784696883663,0.007138923065151043
2021-04-22,0.0013314185664617117,-0.015464633812521231
2021-04-23,0.005155975751687525,0.015078493026477346
2021-04-26,0.0052410515026148075,0.0035670788637332715
2021-04-27,0.0007450010800930384,0.0021471708571810153
2021-04-28,-0.0026602928273740944,0.006260032101790418
2021-04-29,-0.019342513308344494,0.015351233926625954
2021-04-30,-0.0023403864565214594,-0.013861162031183602
2021-05-03,0.00010548076927571759,0.0043020231790862435
2021-05-04,-0.007696812969308714,-0.007432238088316001
2021-05-05,0.009212328218539928,0.006459968619876882
2021-05-06,0.0009063674261737265,0.011937631443768082
2021-05-07,0.004190274462401555,0.0072295111791980575
2021-05-10,0.0009528914221649532,-0.01462576914298159
2021-05-11,-0.0005842903396074683,-0.013037394315249806
2021-05-12,0.0035050608244690806,-0.018825826873511836
2021-05-13,-0.0012888878963138173,0.00890961147818504
2021-05-14,0.004529192600378484,0.020960007249026136
2021-05-17,0.0011871380344078142,0.0015055440324835783
2021-05-18,0.0009187832855855338,-0.013506276207189647
2021-05-19,-0.0056707887693967785,-0.005478458466231702
2021-05-20,0.0010746659520495805,0.00966885945772957
2021-05-21,0.002781288671993648,0.0018478373281770877
2021-05-24,-0.0011902171134630102,0.014888491557192712
2021-05-25,-0.006909458233653326,-0.002428625042338539
2021-05-26,0.0015249668456905063,0.002915970275624439
2021-05-27,-0.0054108475948735635,-0.0020484401552174993
2021-05-28,0.0028568645541011684,0.002966116865622185
2021-06-01,0.008074148034700551,0.00676952403951861
2021-06-02,0.0033437595600338266,0.004598135826280408
2021-06-03,0.004202796051002877,-0.002296912270193232
2021-06-04,0.003543603698159814,0.010700973180051662
2021-06-07,-0.0059519367984970095,-0.0006945212523245629
2021-06-08,0.0008353991767287294,0.0019734515238356565
2021-06-09,0.004953983351677349,-0.0025248352729102344
2021-06-10,-0.010241307759869728,0.0018301699078554685
2021-06-11,0.004113496220563423,0.002026367163771877
2021-06-14,-0.000239876903513625,0.0037936064257005075
2021-06-15,-0.00036095019438364684,-0.0001462469172163472
2021-06-16,0.007984712130372135,-0.0028270490261604977
2021-06-17,-0.007632316216698132,0.000851907911778943
2021-06-18,-0.005775343746157152,-0.016088695003603493
2021-06-21,0.0036512562402852833,0.014510904866180905
2021-06-22,-0.006056318864088528,0.010599464541642225
2021-06-23,0.0016198024312670534,0.0016151939410018374
2021-06-24,0.0027520630368530197,0.004805739761678436
2021-06-25,-0.0006650853872066653,-0.00015075374685466492
2021-06-28,-0.007872920382661491,0.00582328166756968
2021-06-29,0.00501224875433956,0.0014420646877425964
2021-06-30,0.008250453970482213,0.003184694680325626
2021-07-01,-0.009305155591219694,0.005800037755400962
2021-07-02,0.0032252690070009027,0.009231833724904326
2021-07-06,-0.022883760977841977,-0.0009009732338224885
2021-07-07,0.0013422542002391458,-0.00018178251114600585
2021-07-08,-0.006849443899535679,-0.010414969676966626
2021-07-09,0.01588482266578803,0.012773450266912503
2021-07-12,0.003745873041395259,0.006929022626102131
2021-07-13,-0.0007196581636086941,-0.0038626738778017033
2021-07-14,0.0028476983305334436,-0.00383024431685261
2021-07-15,0.01430272854682993,-0.006622533809336408
2021-07-16,0.0031436561098338867,-0.015628345680117773
2021-07-19,-0.021873527607570054,-0.016601703167957338
2021-07-20,0.012307864665586976,0.012741025819109278
2021-07-21,-0.0003088096822992381,0.015911620880820987
2021-07-22,-0.0097391534802449,0.003290517654288061
2021-07-23,-0.0004010405942918849,0.011729112404941566
2021-07-26,0.003334975804177992,0.004753612262084724
2021-07-27,0.0050414795568576865,-0.008582267765029591
2021-07-28,-0.004104659271866512,0.0035522856820044504
2021-07-29,0.004415544322662224,0.001605081350090067
2021-07-30,0.01722350007391754,-0.012019110150565199
2021-08-02,-0.0023078485671235993,0.0007102547986210054
2021-08-03,0.0008476526587909428,0.008771878779713674
2021-08-04,-0.009276604481671058,-0.0029943864456397165
2021-08-05,0.001356753890497553,0.0070265840294432835
2021-08-06,0.021523988465965233,0.004381437928006937
2021-08-09,0.002081492471867563,-0.0035746206434029704
2021-08-10,0.01413198155218548,0.0035277575875380662
2021-08-11,0.01173329172501511,0.001643564041422657
2021-08-12,-0.0018316243983801384,0.003993654144075977
2021-08-13,-0.008172302357214861,-0.0007047117863362337
2021-08-16,-0.0005534197185396716,0.0012628844079384989
2021-08-17,0.005397780865480123,-0.012338511116469358
2021-08-18,0.002426336122788336,-0.013621398294879766
2021-08-19,-0.01426842161336303,0.0010075732255798813
2021-08-20,-0.011637685779669837,0.012393447206050475
2021-08-23,-0.01214221310621122,0.016323410263261756
2021-08-24,0.004798779457520969,0.0035349793504132012
2021-08-25,0.0036245247795331503,0.004093782856814637
2021-08-26,0.0012171947412052686,-0.005789882180664313
2021-08-27,-0.00254780085873918,0.013008260297110719
2021-08-30,-0.01357307688998216,0.00492837452865776
2021-08-31,9.560249061724146e-05,-0.0041352338317654225
2021-09-01,-0.0014856224395992934,-0.0005113137786078211
2021-09-02,0.003308389653597893,0.003956875774568676
2021-09-03,-0.009502724681678426,0.001696577899751676
2021-09-07,-0.0013052781779383793,0.0008677116171494174
2021-09-08,-0.0019478289530976411,-0.006262642894419708
2021-09-09,0.005573651744132935,-0.0030738683635944766
2021-09-10,-0.005869850300000423,-0.006915097942137682
2021-09-13,0.012042183614323382,0.008949964048918216
2021-09-14,-0.008262904627373918,-0.005976829865441412
2021-09-15,-0.00232412761336262,0.009292511084763496
2021-09-16,-0.003176232528558559,-0.00293706822668686
2021-09-17,0.0017492163731709365,-0.010671216460287144
2021-09-20,0.0006979481970604828,-0.024030158051314827
2021-09-21,-0.0021546599540208933,0.0014318100442934727
2021-09-22,0.0002926801306518678,0.011843556771585115
2021-09-23,0.0037713982029295434,0.013940827290836936
2021-09-24,0.00600317527790345,0.0031532868891845367
2021-09-27,0.017978225877004955,0.0040460898318022505
2021-09-28,0.009892274150528596,-0.021675857136355513
2021-09-29,0.00016234677523380148,-0.0015604616680270356
2021-09-30,-0.009067490968020925,-0.011226515494456848
2021-10-01,0.00637835044428442,0.013842413655384004
2021-10-04,-0.003944793789269429,-0.018032045813172998
2021-10-05,0.007043263356611595,0.016768584093577232
2021-10-06,0.0032989338389433354,0.0037691340261768735
2021-10-07,-0.0002122254432889159,0.00960968588728181
2021-10-08,-0.0021530064082700417,0.003492282771427454
2021-10-11,-0.0010307181179496638,-0.008476604562039506
2021-10-12,-0.0037250659953153298,-0.004053594922018289
2021-10-13,-0.0024042581861385415,0.0017456368289727187
2021-10-14,0.006098067137746521,0.01957351204251338
2021-10-15,-0.00022096693423390157,0.01264392824086058
2021-10-18,0.004532593811423263,0.009545975967229836
2021-10-19,-0.004816158370747642,0.007362201775476057
2021-10-20,-0.006308409918392821,0.0019613231097064345
2021-10-21,0.0016992376960863198,0.003665178888350847
2021-10-22,0.0013842434228786282,-0.004435568992875431
2021-10-25,-0.001147177765513402,0.005243299557743951
2021-10-26,0.0003669785915856316,0.009160893880225942
2021-10-27,0.011667698269038518,-0.00027074055367743804
2021-10-28,-0.00462792440721832,0.009669589693445576
2021-10-29,0.005230100770758334,0.005307640234655593
2021-11-01,-0.0017162459254962403,-0.002607669216346827
2021-11-02,0.009593512766928158,0.00393113724043917
2021-11-03,-0.005082014036380034,0.0034867408489027605
2021-11-04,-0.011010224040438166,0.013215292216677388
2021-11-05,-0.005349097318432167,0.003063872062409878
2021-11-08,0.0023131830510116913,0.004732604318856905
2021-11-09,-0.010116572050823891,0.0017342444867850804
2021-11-10,0.0016501968868845307,-0.01753399143496781
2021-11-11,0.002463014250891682,0.002901214769145936
2021-11-12,0.0026465591460476667,0.009542241287561537
2021-11-15,-0.007566084493703329,0.0014365484704338498
2021-11-16,-0.002665491639479961,0.005128470468850861
2021-11-17,-0.006332900341450787,-0.005115666321688944
2021-11-18,-0.005347895478785336,0.01378696500975532
2021-11-19,0.002802542195514124,-0.002819588406606325
2021-11-22,0.0038578911552830664,-0.002153164307219161
2021-11-23,-0.00023253255325719757,0.00790441191804872
2021-11-24,-0.005758383556253188,0.004217275801435337
2021-11-26,-0.0018598882570458886,-0.026796638611780905
2021-11-29,-0.0007530460994004673,0.015962682722207393
2021-11-30,-0.0016949739067860237,-0.016260333769146235
2021-12-01,0.0030751701931645004,-0.010468452680751278
2021-12-02,0.004419594260518189,0.012474569980970249
2021-12-03,0.000255338020484025,-0.011705445400647099
2021-12-06,-0.0003606132395576056,0.013704127287032361
2021-12-07,0.0034303415752957034,0.024505417298108918
2021-12-08,-0.0013011248467765246,0.0017173659594101238
2021-12-09,0.002027384836261026,-0.005142956973685396
2021-12-10,-0.0004203799253126028,0.0040347695022636505
2021-12-13,0.0012577462618322266,-0.01738455052499881
2021-12-14,-0.0006057127404487939,-0.0031092043509142373
2021-12-15,0.0002784083666004522,0.018271203790486117
2021-12-16,0.005449458047705219,-0.014425884996218339
2021-12-17,-0.009684886115200103,-0.01635635219273175
2021-12-20,-0.002669713966190451,-0.010684804626762042
2021-12-21,0.00015496998357866776,0.01976047092959195
2021-12-22,0.004110145932900988,0.00899435218944856
2021-12-23,0.0019793782113024516,0.004507647301598916
2021-12-27,0.0005658278849680343,0.01629968725717082
2021-12-28,-0.0033152560582422053,-0.0018976777993094385
2021-12-29,0.002461125278228088,-0.0023082125157112277
2021-12-30,0.0007095146796101126,-0.0039479944528325135
2021-12-31,-0.0012042557327774095,-0.004750242030576585
2022-01-03,0.0030783814631241703,0.014020247123800511
2022-01-04,-0.0007694821916706396,0.0023092966126619465
2022-01-05,-0.016061375945367856,-0.021761201480803294
2022-01-06,0.008986331428569638,0.0007243689185074583
2022-01-07,-0.0032000024999692955,-0.005224485370721547
2022-01-10,0.0037330951723711925,-9.217398024931785e-05
2022-01-11,-0.0012238740892382416,0.01394830398339253
2022-01-12,0.0029812411630412428,0.0008891939760996096
2022-01-13,-0.009335551386579793,-0.01730369923527461
2022-01-14,0.00024013576071391096,-0.0018916710847298457
2022-01-18,-0.001418762949514707,-0.024181920537130325
2022-01-19,-0.011650139083371952,-0.010333713723318908
2022-01-20,-0.01038193852695124,-0.011655486870323048
2022-01-21,-0.0020139927010775494,-0.020764716206716955
2022-01-24,-0.0043181900588922795,0.007008507266738397
2022-01-25,-0.008736006835488613,-0.009933015776240681
2022-01-26,0.013270624040063322,0.0034923282502330455
2022-01-27,-0.011268414117027142,-0.0008245431049733002
2022-01-28,0.01021560139979355,0.021577757724347557
2022-01-31,0.008614633750038847,0.022016253291513927
2022-02-01,0.0034961651444347652,0.014541444119807364
2022-02-02,0.015735084246859488,0.013323416508300804
2022-02-03,0.04018088454515517,-0.04397070242237216
2022-02-04,0.007796507704203315,0.018523340373531583
2022-02-07,0.009634298605928654,-0.004217114858409403
2022-02-08,0.004436453178701394,0.005232728321842896
2022-02-09,0.004037104924976331,0.01671810652058549
2022-02-10,-0.0035484045815460385,-0.018484435798807708
2022-02-11,-0.012222801813667722,-0.020047226748664732
2022-02-14,0.009691421485132579,-0.0020303410074599773
2022-02-15,0.019141913321348347,0.015271695058495035
2022-02-16,0.006311805065385895,-0.0010699328170130547
2022-02-17,-0.013083052527370409,-0.026088947873403396
2022-02-18,-0.009642644292447738,-0.009673635515552207
2022-02-22,0.003984998862966965,-0.016272435607574843
2022-02-23,-0.00895340082996246,-0.016517340133011333
2022-02-24,0.0156995755720028,0.018217318496492895
2022-02-25,-0.00672136944740187,0.02149163331833905
2022-02-28,0.0027541146214590806,-0.0011976373285024118
2022-03-01,-0.002418991441806434,-0.010576464439817737
2022-03-02,-0.0015614964211370097,0.01970650272101117
2022-03-03,-0.0009199954134723465,-0.008074318578572362
2022-03-04,-0.01453495863492102,-0.006490752612930232
2022-03-07,-0.006103739919573803,-0.027054161251779164
2022-03-08,0.006458158137088138,2.9007441088006274e-05
2022-03-09,0.01267168460944007,0.024728693641197314
2022-03-10,-0.004601829561045406,0.002276080414758371
2022-03-11,0.002378165870511123,-0.015756378802885707
2022-03-14,-0.01756401601880589,-0.01467399065596466
2022-03-15,0.013349608270970759,0.01787942608589736
2022-03-16,0.009195909413857506,0.02766259776877523
2022-03-17,-0.00576071216678159,0.014182226148044189
2022-03-18,0.011339359109196229,0.01767096879805266
2022-03-21,0.0076249936730143075,0.0003341348362139544
2022-03-22,7.447999475607148e-06,0.010357877691362363
2022-03-23,-0.006520044943431308,-0.011080985675077296
2022-03-24,0.01825978078639745,0.018375345112119894
2022-03-25,-0.006241704773740475,0.0032784579475117017
2022-03-28,0.0022962785629588034,0.0026431530139451043
2022-03-29,-8.021406836455913e-05,0.00757945158880526
2022-03-30,-0.012175154735647925,-0.006457941761031326
2022-03-31,0.002527507847406102,-0.020105892212427406
2022-04-01,-0.0073961112469748125,0.0020733623406760846
2022-04-04,-0.018518593296003194,0.013536502731588851
2022-04-05,0.00573532138352803,-0.01317886258011039
2022-04-06,0.02228317109048991,-0.018589755977830007
2022-04-07,0.00957949147500875,0.0026813197173598626
2022-04-08,0.01545753984916809,0.0007706973397953454
2022-04-11,-0.003032820934209729,-0.02449516541523723
2022-04-12,0.01365997370229241,-0.0017287252637588808
2022-04-13,-0.0014049273811294616,0.01210476720806968
2022-04-14,0.014577487469114275,-0.016091284692838232
2022-04-18,0.002921280870520959,0.007787806026962885
2022-04-19,-0.02167145523272976,0.015399423097281493
2022-04-20,0.02752915214435686,-0.007007659792923042
2022-04-21,0.010498786136837218,-0.026968388382770575
2022-04-22,0.0009443439766807782,-0.029501878482084343
2022-04-25,-0.02069910634186914,0.006619178227397419
2022-04-26,0.018080221198232216,-0.028514944623772177
2022-04-27,0.01716097855233864,-0.0026903108391572914
2022-04-28,-0.039175410171308434,0.04616152853036557
2022-04-29,0.028013301211125496,-0.04480803442555123
2022-05-02,-0.005416749857128977,0.018553183750620705
2022-05-03,0.008867147133636066,0.006304334660487965
2022-05-04,0.0010087023355287439,0.0334039684141166
2022-05-05,0.03005976905081445,-0.04349355431745755
2022-05-06,0.019405173921806074,-0.0018400068041910893
2022-05-09,-0.014160152985540075,-0.039231944305312856
2022-05-10,0.002063878909317196,0.0050384092244269525
2022-05-11,0.02818331570453589,-0.019841983964089916
2022-05-12,-0.003499104389373009,-0.003174148744815475
2022-05-13,-0.011754158096109524,0.03268141149909731
2022-05-16,0.01671061751113162,-0.0014482808291324256
2022-05-17,-0.008845133745606304,0.023094158515723218
2022-05-18,0.020145119659154942,-0.04223050207838084
2022-05-19,0.0003196238783872152,-0.001785391251541572
2022-05-20,-0.00016086655695995988,-0.0008995881328655956
2022-05-23,0.007938866100738878,0.022488558089350574
2022-05-24,0.029779114941355045,-0.01589664226754618
2022-05-25,-0.0008977081347797955,0.014015908606066274
2022-05-26,-0.018116939190613912,0.023687296764010157
2022-05-27,-0.008874070808057022,0.024684449760274358
2022-05-31,-0.01823299630090036,-0.0029903711927176946
2022-06-01,0.010556449232318604,-0.004580577925004566
2022-06-02,-0.022294936379865293,0.021763775026493026
2022-06-03,0.02236163375698369,-0.017938773633967193
2022-06-06,-0.011247510628097923,0.005264414459135364
2022-06-07,0.018006618900004323,0.009370232070056939
2022-06-08,0.006674929404873131,-0.006498126613220319
2022-06-09,0.016062489853903295,-0.02592485693223327
2022-06-10,0.01789018650547025,-0.037867931482477885
2022-06-13,0.006764548082909938,-0.04226070421469539
2022-06-14,0.00506701875411783,-0.0028003327155784186
2022-06-15,-0.029735408183586137,0.0187015297692809
2022-06-16,-0.000754849179048861,-0.03380478103507242
2022-06-17,-0.03646666296361356,-0.004210467864582734
2022-06-21,0.030447074111490946,0.02729922984574053
2022-06-22,-0.01947109523747692,-0.00793829859409543
2022-06-23,-0.029397903883594007,0.005486160730372604
2022-06-24,-0.017840902487409105,0.03467722784167899
2022-06-27,0.018902486736664253,-0.002246710119521859
2022-06-28,0.03679691710466021,-0.021224400534283077
2022-06-29,-0.022780752065626964,0.0009577014522608359
2022-06-30,-0.0004554948453705243,-0.017609224144541785
2022-07-01,0.0025689564193023817,0.007181650844638769
2022-07-05,-0.03613168486419263,0.009621821007759684
2022-07-06,-0.011981328696173854,0.002652953880866347
2022-07-07,0.004913926678758007,0.020934799086383665
2022-07-08,0.0027005822194660634,-0.001272700011940427
2022-07-11,0.016420445834120972,-0.01849470554409564
2022-07-12,-0.00284212484431437,-0.009626163282352754
2022-07-13,-0.0037055477658592406,-0.004222424526946868
2022-07-14,-0.0009258291282200071,-0.007451448302588028
2022-07-15,-0.009762807837210397,0.025984634269368274
2022-07-18,0.0038158531775858706,0.0011515483325130655
2022-07-19,-0.007251267325863564,0.03574242659589213
2022-07-20,-0.013991086554782928,0.014143956604091826
2022-07-21,-0.009981972839854913,0.005915135998694736
2022-07-22,0.0194153450771056,-0.020089151712463626
2022-07-25,0.022247270678668635,0.001818038327467325
2022-07-26,0.021388854616901293,-0.02094997196109215
2022-07-27,-0.021094037055572834,0.037554642368987534
2022-07-28,0.01516835088013399,0.004728651064721978
2022-07-29,0.01045216233344226,0.027451015745618756
2022-08-01,-0.01342973378412804,-0.0050335904543176435
2022-08-02,-0.0013540569399888847,-0.006577399992361177
2022-08-03,-0.0374690717201111,0.01701562059220844
2022-08-04,-0.02539693401016696,-0.0034769986488548212
2022-08-05,0.01592303527361444,0.0021496540224562044
2022-08-08,-0.001190536625034655,-0.00544381865588268
2022-08-09,0.013227647939736326,-0.0028064224403009006
2022-08-10,-0.020334662344733134,0.026912027175606906
2022-08-11,0.018111995062029623,0.001693668551693182
2022-08-12,-0.0068791633951114095,0.01745015950094525
2022-08-15,-0.009118379235490692,0.000350109926247492
2022-08-16,-0.0037977461521310207,0.0022651571018398042
2022-08-17,0.01514798319355165,-0.007260336727819894
2022-08-18,0.01021394869362946,0.004792033123201395
2022-08-19,0.01385491361622293,-0.0189284412494565
2022-08-22,0.014930761708698559,-0.022161712567038028
2022-08-23,0.02094485672648752,0.0012529267774268882
2022-08-24,-0.00034154236272138094,0.0034271594905483835
2022-08-25,-0.011470896020280175,0.018161126788472776
2022-08-26,0.01734474551723067,-0.03780543501064832
2022-08-29,0.013482655091311385,-0.005728916487401499
2022-08-30,-0.010404267969019693,-0.013094693649531827
2022-08-31,-0.011225580220943221,-0.005550431210021291
2022-09-01,-0.014283541509715753,-0.0031020716969064424
2022-09-02,0.016519738035416676,-0.008390932822911071
2022-09-06,0.0026906012429569193,-0.007989166444271454
2022-09-07,-0.014928780097852062,0.012959751335190145
2022-09-08,0.00013903430398520822,0.007187671535480417
2022-09-09,-0.006948405094665044,0.01829581071150411
2022-09-12,0.001144976325912317,0.010983991647207758
2022-09-13,0.030473130870487475,-0.05405328602988821
2022-09-14,0.011489867679885774,0.004057112070232331
2022-09-15,-0.003743478500552899,-0.009996257650069396
2022-09-16,0.00013268389337176,-0.007564018138442032
2022-09-19,-0.00455112966462487,0.008517483534065248
2022-09-20,0.005186655057727307,-0.01097901401319363
2022-09-21,0.008200431310376177,-0.01622048641611812
2022-09-22,0.00012462088765360924,-0.007209737052792413
2022-09-23,-0.017897475773693133,-0.02210537867149483
2022-09-26,-0.007556592123681843,-0.01369796580104717
2022-09-27,0.010563769901147019,-7.197439815787947e-05
2022-09-28,-0.003742026624620143,0.027350213038640547
2022-09-29,0.013741868724228973,-0.02164441715348796
2022-09-30,-0.000504027623963621,-0.013357380201906105
2022-10-03,0.015454891754819955,0.03191356820542257
2022-10-04,0.0022328871854196968,0.034115309102612124
2022-10-05,0.013049648954625653,0.0014689078064639243
2022-10-06,0.013305957617951752,-0.0022339739666171663
2022-10-07,0.025495696264719064,-0.03182154758733888
2022-10-10,-0.002165881313927781,-0.011281363107442635
2022-10-11,0.00953273842977792,-0.012336603718712286
2022-10-12,0.005722964286789506,0.0008892642536478349
2022-10-13,0.00538278576870016,0.029347233347942907
2022-10-14,0.007743548493162999,-0.025022825232829282
2022-10-17,-0.023646158164926434,0.033757636557846214
2022-10-18,0.0032838608023100235,0.009595712184684005
2022-10-19,0.012963548230950084,-0.0017660233137447578
2022-10-20,0.0019891807040556264,-0.001719744003306332
2022-10-21,0.008214042519587128,0.024942777361361357
2022-10-24,-0.0004486217562035544,0.010342376122189884
2022-10-25,-0.027238526242485683,0.017585998983183776
2022-10-26,0.02692394020664346,-0.021823221950693944
2022-10-27,0.05806489306217108,-0.027155200102514626
2022-10-28,-0.005455936464308642,0.022065749646405276
2022-10-31,0.02283811649687878,-0.011111370175140736
2022-11-01,-0.0020205382615510192,-0.006207077060518688
2022-11-02,0.007976558198797085,-0.025919484985268387
2022-11-03,0.007762424763340547,-0.011685167476044181
2022-11-04,-0.013093989729839106,0.019970137308951308
2022-11-07,-0.012944126363358899,0.016883115388463533
2022-11-08,-0.004187335057613428,0.004138656969809455
2022-11-09,-0.019994873124798557,-0.021515387550259547
2022-11-10,-0.05303835610493046,0.0689974314411561
2022-11-11,0.0031919695616858257,0.016814278955670375
2022-11-14,-0.001313938686639038,-0.009091708789198969
2022-11-15,-0.008265643103080145,0.008241237375629762
2022-11-16,0.01282087312655289,-0.008296302639641642
2022-11-17,0.008631540169478202,-0.0047005513649788595
2022-11-18,-0.0007329723507720765,7.983653956430044e-05
2022-11-21,0.0015120941201915705,-0.00964696962866482
2022-11-22,-0.0017175540170877857,0.01897841840798568
2022-11-23,-0.012759536222886447,0.006940721628290884
2022-11-25,0.004004161099684128,-0.0023284102773664106
2022-11-28,-0.002066937394108903,-0.019586785597960305
2022-11-29,0.006811254607968303,-0.0028029204612235827
2022-11-30,-0.03537006958858302,0.040894549571257245
2022-12-01,-0.010416144483518075,-0.0015023170778143597
2022-12-02,-0.006673168277968267,-0.0033326166300925164
2022-12-05,-0.006936267273979946,-0.018668562538527732
2022-12-06,0.012954281529824224,-0.02348754671241259
2022-12-07,-0.0014759633653493032,-0.0018213437162983663
2022-12-08,-0.01600534133004977,0.012546905525123072
2022-12-09,-0.008877059495829565,-0.009123364373668202
2022-12-12,0.0034756421340459143,0.015461667323628461
2022-12-13,-0.011211584372227745,0.016413565115729556
2022-12-14,-0.0010607670965177007,-0.006669646228248237
2022-12-15,0.017131172471722578,-0.029275068842217016
2022-12-16,-0.006586631353844435,-0.008061551921241741
2022-12-19,0.01798524339909907,-0.012826965718576463
2022-12-20,0.004618844583454934,0.004023001034515185
2022-12-21,-0.0060170724523797015,0.015745045054671374
2022-12-22,0.014323171862309636,-0.02225204162590948
2022-12-23,0.014544147979043909,0.009249490032122212
2022-12-27,0.026911328331142098,-0.010453534593705885
2022-12-28,-0.0035948529737016843,-0.011303962239070292
2022-12-29,-0.016347499207396587,0.019957399672304827
2022-12-30,0.0038039791724754912,0.0003153933740990267
2023-01-03,-0.02027657223031587,-0.005106894583233555
2023-01-04,-0.00572066890464612,-0.0009095136157319383
2023-01-05,0.01687102343505853,-0.011234928963370833
2023-01-06,-0.010063813026578161,0.018437718484923538
2023-01-09,-0.009273280313234433,0.005713098653789985
2023-01-10,-0.009018818102360715,0.01102135141293604
2023-01-11,-0.012619135219768957,0.018755546198857637
2023-01-12,-0.0008242604516793817,0.009819751633529458
2023-01-13,-0.0074492513430681195,0.009120717432808872
2023-01-17,0.011870049661733884,-0.0055450859530878265
2023-01-18,-0.0037939501032451806,-0.014073200067352049
2023-01-19,0.002880526298247199,-0.0033212294248946375
2023-01-20,-0.008227207320549379,0.021518213722598545
2023-01-23,-0.00932270825229875,0.015727763408310547
2023-01-24,0.005866258167735783,0.0010736803073466972
2023-01-25,-0.003105177233324069,-0.0034509848194228345
2023-01-26,0.00671173997083907,0.021317555414349553
2023-01-27,-0.030812226065938836,0.004551231385086868
2023-01-30,9.597613239312186e-05,-0.018837301467867402
2023-01-31,-0.004526423409360658,0.01807505469248503
2023-02-01,-0.018419414974563786,0.01182405333744376
2023-02-02,-0.08790641431080848,0.03696336005724116
2023-02-03,0.026428150744768952,-0.01220781933800764
2023-02-06,0.003411640134930144,-0.00408603605272397
2023-02-07,0.006396277676111395,0.021308464861126863
2023-02-08,0.007680022843986861,-0.016389993707564898
2023-02-09,0.010681906512546413,-0.012974455983052172
2023-02-10,0.022677667770046622,0.0014500132094822371
2023-02-13,-0.014890856973748479,0.013185227571217576
2023-02-14,-0.0014850535579723212,0.002446176055200385
2023-02-15,-0.003815669382086939,0.0019924259707783756
2023-02-16,0.009757841270308237,-0.015841121850016283
2023-02-17,-0.013414244091163624,-0.009909574095068976
2023-02-21,0.0048083673282310335,-0.023121346223234352
2023-02-22,-0.006051198912896211,-0.0015600730390879596
2023-02-23,0.0033420247108478796,0.017013414047984416
2023-02-24,0.009214354857651708,-0.009985352345909007
2023-02-27,0.0007315867278117061,0.003094510972848972
2023-02-28,-0.013810845570258246,-0.0034179157715928297
2023-03-01,0.011857047100766044,-0.007864634464142492
2023-03-02,0.000444899555505085,0.007798204031609977
2023-03-03,-0.01601687312737765,0.022905371638833345
2023-03-06,0.0075517917652491995,0.0022112893469701522
2023-03-07,-0.006991581233909527,-0.01547326762249899
2023-03-08,-0.0068481579116531355,0.0034189905822225954
2023-03-09,0.0031422591505241293,-0.019075997886151563
2023-03-10,0.0027178845073559665,-0.011841201009474556
2023-03-13,-0.010999341883701413,0.00016271142128814384
2023-03-14,-0.020590435037975197,0.02344602503301918
2023-03-15,-0.03154469380475525,-0.006479193615202651
2023-03-16,-0.01971139080503087,0.022449162868480366
2023-03-17,0.00798930132976916,-0.010698040465529848
2023-03-20,0.010532690784987031,0.006779660766040539
2023-03-21,0.00593260918948868,0.0209864745048714
2023-03-22,-0.0031543829657031675,-0.01359848004257159
2023-03-23,-0.010921534652007014,0.005894220450676178
2023-03-24,0.0021334150184970924,0.00026539253318073425
2023-03-27,0.012104842355426498,0.00041832417577894465
2023-03-28,0.010739192461905439,-0.003292182825461278
2023-03-29,-0.007114625962467369,0.012484319968971905
2023-03-30,-0.003801653623163148,0.007425478009473685
2023-03-31,-0.00651987142951882,0.01517529934713078
2023-04-03,0.025951041508905925,0.013821290669183492
2023-04-04,-0.009423613709511752,-0.0039033917129745466
2023-04-05,0.014781245643902041,-0.004643327936796449
2023-04-06,-0.012255317241833402,0.00705876917685667
2023-04-10,0.0010078258045643773,-0.0002354175005701009
2023-04-11,0.00955275271283984,-0.003039192652932778
2023-04-12,0.004754847786552607,-0.0044648177825243884
2023-04-13,-0.01697179787164027,0.016790937083878726
2023-04-14,0.017920126572567197,0.006916748028758367
2023-04-17,0.0014816726265452773,-0.0019713445140130312
2023-04-18,0.009867897079272131,0.002481933513383198
2023-04-19,-0.0034840619556644747,-0.001200646167811394
2023-04-20,0.0015023919133879404,-0.004330294418911741
2023-04-21,-0.007054282353638114,0.0019448241564203421
2023-04-24,0.006927893485793923,0.003311553058175515
2023-04-25,0.005734901186120578,-0.017958865216910185
2023-04-26,-0.014828978467225584,0.002604480422092844
2023-04-27,-0.03998686232066273,0.03127956726641954
2023-04-28,0.01350565066262896,0.005211052367635184
2023-05-01,0.0026854627277232423,-0.001157426977236059
2023-05-02,-0.013820347496869972,-0.015457852665301577
2023-05-03,-0.007956975294967694,-0.009966630947644209
2023-05-04,-0.004939670595610124,-0.01003983295669289
2023-05-05,0.007909669135187869,0.020137968312195498
2023-05-08,0.0006639559188562072,0.002151579979411742
2023-05-09,-0.0031084501364442574,-0.003276140875717084
2023-05-10,-0.011138777378948389,0.006171857376758201
2023-05-11,-0.012734068759304884,0.001372501537011563
2023-05-12,0.002771339638747594,-0.0029853685978041555
2023-05-15,-0.004947572657067412,0.004039375351577075
2023-05-16,-0.012653929863076563,-0.0027381477469375823
2023-05-17,0.004824101357060018,0.019505475774987773
2023-05-18,-0.006069263803305247,0.012226586617851523
2023-05-19,0.005830505600143088,-0.004171759645974697
2023-05-22,-0.005161552021579724,-0.001635027637120386
2023-05-23,0.0024317488916586194,-0.0029545776326864817
2023-05-24,-0.005820912076697077,-0.0010821727991605263
2023-05-25,-0.0036186763942001043,0.022308586583367474
2023-05-26,-0.019651575168245144,0.017128258368296363
2023-05-30,-0.004949756584444104,0.0019113013059433304
2023-05-31,-0.0075279806767034885,-0.01176560703710063
2023-06-01,-0.005659890572567106,0.014814780817069865
2023-06-02,0.008042718726359088,0.012847365124925894
2023-06-05,-0.004560984178224925,-0.0026946481134574227
2023-06-06,0.0001263712064485667,0.001136595050906954
2023-06-07,0.025584796594041365,-0.006959080498851809
2023-06-08,-0.0078693838658897,0.0068327176741430256
2023-06-09,-5.105835267910086e-05,-0.00020894588071596054
2023-06-12,-0.014391433504801182,0.009232988270512102
2023-06-13,0.0014288410347870206,0.00546559776945547
2023-06-14,-0.005336143635427254,-0.0030681914651786526
2023-06-15,-0.004557709083209738,0.01148012605860325
2023-06-16,0.002425202465703852,-0.0073032210833988516
2023-06-20,-0.010545359275041882,-0.0017676223334576746
2023-06-21,0.00668407997735615,-0.0050275457569476005
2023-06-22,-0.01971558805175197,0.005043008042204459
2023-06-23,-0.005289119284767024,-0.006415515784301514
2023-06-26,0.017976279320739114,-0.007408632369929659
2023-06-27,-0.010693899231947357,0.011528501743818345
2023-06-28,0.002740711823789571,-0.0021609369619422967
2023-06-29,0.01731773093599351,0.004629169836636267
2023-06-30,-0.004855854962998674,0.013493410388992285
2023-07-03,0.003605374235382708,-0.00011706376842580506
2023-07-05,-0.010550471249138216,-0.0009015956196445074
2023-07-06,-0.0059073887286594795,-0.01281219701972347
2023-07-07,-0.001461541996408743,0.0003765883331912079
2023-07-10,0.0007456514516498425,-0.0007358118967702165
2023-07-11,-0.0015780086881775346,0.009036538022292559
2023-07-12,0.003054415931199206,0.012611105852430443
2023-07-13,0.002847689323043412,0.009737509298828514
2023-07-14,-0.013588631861494754,0.0008504322788304985
2023-07-17,0.008978483646474883,0.005760069188650953
2023-07-18,0.0052288924205093346,0.00982581866923582
2023-07-19,-0.007369396591806021,0.0038653691049882846
2023-07-20,0.00641383528411274,-0.008412749346676593
2023-07-21,-0.006648660986735805,-0.0031849273598291337
2023-07-24,0.004320047880355143,0.008577083770686176
2023-07-25,0.005702542379226183,0.004560546970337448
2023-07-26,-0.004170167515530038,0.0029161019344515204
2023-07-27,0.0029630167652962003,-0.0003101303586038236
2023-07-28,-0.007336395184034256,0.01170183252137491
2023-07-31,0.002637032615784657,0.006227714351164611
2023-08-01,0.0024139538189419663,-0.0034108271001373294
2023-08-02,-0.005854881418900004,-0.019601543073984113
2023-08-03,0.0033420365090732207,0.002610520478934499
2023-08-04,-0.016454410565427707,0.001277023785879618
2023-08-07,-0.003233368734350206,0.009006873264717894
2023-08-08,0.002131812995099819,-0.007446536158181648
2023-08-09,-0.004135026166280531,-0.011428880331200078
2023-08-10,-0.0018913882246343883,0.0011259115214901083
2023-08-11,-0.006186504214176686,-1.1938850278244336e-05
2023-08-14,0.014908984164614864,0.010811025428658924
2023-08-15,-0.0018516468613948012,-0.013191829165687998
2023-08-16,-0.0027382499487369483,-0.009002138293800857
2023-08-17,0.010360485307924022,-0.006174716390596478
2023-08-18,0.00487211844340818,-0.00037443783580608697
2023-08-21,0.01794461066916675,0.009883481610336623
2023-08-22,-0.007843043534927097,-0.006476226690399943
2023-08-23,0.002124320073628533,0.01127018166466733
2023-08-24,0.007854781139484762,-0.013026227624013462
2023-08-25,-0.004504921604969264,0.002715797723590837
2023-08-28,0.004403555695001643,0.008672397152100877
2023-08-29,0.0059067759502745565,0.015965694042353613
2023-08-30,0.0020480531557153236,0.0035287521418167303
2023-08-31,-0.004031168761786358,-0.0009506818726619792
2023-09-01,-0.0013499861467984597,0.0036416603042688698
2023-09-05,0.005739439426291265,0.0007552536419967356
2023-09-06,-0.0006431428855493415,-0.009062610914864988
2023-09-07,-0.01203328383845248,-0.0016497875937824629
2023-09-08,-0.0008849544284854072,0.003073893314979268
2023-09-11,-0.013846111622765,0.0037679283190476718
2023-09-12,0.010446129077472888,-0.0009288763388749325
2023-09-13,-0.004909125255138369,0.005055978952875462
2023-09-14,0.0023410228378236697,0.011773375458881408
2023-09-15,0.0006629030654019263,-0.015398341686368019
2023-09-18,0.006340037891220479,0.002323414245986588
2023-09-19,0.003090359867499032,-0.0035462325421356613
2023-09-20,-0.0021098120946637655,-0.013141753881270202
2023-09-21,0.003555618789461118,-0.014044875847654367
2023-09-22,0.005251837029352419,0.0014808856470237182
2023-09-25,0.0016985324456956774,0.008107098648292713
2023-09-26,0.011842318990699569,-0.013791725540433508
2023-09-27,0.012056726956398922,0.00532412403737766
2023-09-28,0.0007542621143547812,0.007108412108513142
2023-09-29,-0.002742915019682768,-0.00505999730828724
2023-10-02,0.0005534390183202786,0.007406608901064704
2023-10-03,0.009102610310728537,-0.017441288220311702
2023-10-04,-0.011290901872709869,0.003978355223346812
2023-10-05,-0.0008496168728795148,0.0010729269430906259
2023-10-06,-0.0018327937639739944,0.012352980202008765
2023-10-09,-0.002839012396212398,0.008004151455120215
2023-10-10,0.007894331508828012,0.0031815941175731832
2023-10-11,6.840219660544933e-05,0.0018489034049826252
2023-10-12,-0.00133884737780246,-0.003366131363946756
2023-10-13,-0.012538172020840455,-0.0022421447023762697
2023-10-16,0.005587686278150872,0.010249485096524949
2023-10-17,-0.013340436893452906,-0.004267138178793789
2023-10-18,-0.011302953723720505,-0.012161143409478983
2023-10-19,-0.0011050776216715852,-0.0037702651434327514
2023-10-20,0.0015114535515900474,-0.01279073651650156
2023-10-23,0.009353430931715478,-5.839534866394769e-05
2023-10-24,-0.003416005787324511,0.0014177143779526835
2023-10-25,0.008405246676837064,-0.01946993998407992
2023-10-26,-0.0038020530606121816,-0.01688411711926054
2023-10-27,0.0016693568211587906,-0.003668931150960767
2023-10-30,0.0013940466483112202,0.018576390689020617
2023-10-31,-0.0013272732244736518,0.002624443641673626
2023-11-01,0.008248653655975019,0.013335207220184248
2023-11-02,0.009679586379790439,0.017454694954691652
2023-11-03,0.0088121040924444,0.008328198703247636
2023-11-06,-0.00016794169566547446,0.0031983780723495447
2023-11-07,-0.002145447339851947,0.003473616045021823
2023-11-08,0.0031934196120546043,0.0012055548247483134
2023-11-09,-0.0028059622395314454,-0.005178053694361019
2023-11-10,0.005069580240832983,0.016978553355335546
2023-11-13,-0.0012292648888154456,-0.0009892472855601853
2023-11-14,0.016907196284011466,0.01806239463117873
2023-11-15,-0.0010348309471774064,-0.0015767459634859853
2023-11-16,-0.003336777060968049,0.0029966191218431895
2023-11-17,0.0043501168453406736,0.0035546533854488396
2023-11-20,0.005200607110699612,0.0066851980213725
2023-11-21,-0.008036906164041596,-0.0052236656083592585
2023-11-22,-0.007692827166124683,0.005594439019436737
2023-11-24,-0.0018973320721525633,-0.002212398348977601
2023-11-27,0.004731511906710617,-0.0012998344390238632
2023-11-28,-0.0002765054518283072,0.0025674890382932545
2023-11-29,0.008076920974793206,-0.0054747349199655015
2023-11-30,-0.008980256110725865,-0.00014542565861907128
2023-12-01,0.007908518396412045,0.0031377815838781464
2023-12-04,0.001131211839873053,-0.0065896573196090975
2023-12-05,0.001193089280580012,0.0018507450859153451
2023-12-06,-0.0015071682498189465,-0.006940757719143625
2023-12-07,-0.006661933614863252,0.011602904584261164
2023-12-08,0.007970284797049337,0.00846796403801972
2023-12-11,0.005013632370549442,-0.0061317899542690886
2023-12-12,0.0074397343138725425,0.005256051509524906
2023-12-13,0.008312442229604977,0.010770769181114062
2023-12-14,0.01539843645910735,0.008442891447983861
2023-12-15,0.004557930832864737,0.0032313987979812795
2023-12-18,-6.522416182475066e-05,0.007388810921408945
2023-12-19,-0.001836484377108455,0.0060983224978854444
2023-12-20,-0.009168834381046237,-0.010388119949211702
2023-12-21,-0.0008830864022233431,0.007952039996342364
2023-12-22,-0.003200485551975135,2.1717026037815224e-05
2023-12-26,0.0028966822820161997,0.0026677734714738353
2023-12-27,0.0008465907864213251,0.0008523967127713657
2023-12-28,-0.0010678027854078564,-0.0007763869644062024
2023-12-29,-0.000367992809417933,-0.003095573942544403
2024-01-02,-0.011286984808222017,-0.004858599549066016
2024-01-03,-0.01065359842879987,-0.003220681716627196
2024-01-04,0.005487871096479802,-0.004202040306381115
2024-01-05,0.001374008084107954,0.0038015465761643183
2024-01-08,0.022044492183867614,0.014249858498167428
2024-01-09,0.013324038710993052,-0.0013158100073026406
2024-01-10,0.010329024127774838,0.009768262867745117
2024-01-11,0.0014624655224068361,0.0012021256585619162
2024-01-12,-0.002173970320029611,0.0001046290469030875
2024-01-16,0.008851331652959621,-0.004115003876329302
2024-01-17,0.00038842328901256273,-0.004071535586251525
2024-01-18,0.015293277167968411,0.007488802840460727
2024-01-19,0.010070689977464853,0.012065366155208554
2024-01-22,0.0008269197944047457,0.0009070745686342863
2024-01-23,0.006644717898392494,0.0014413150589504449
2024-01-24,0.0012665855766903211,0.0074702292647833195
2024-01-25,-0.007856394872301414,0.007257254534379291
2024-01-26,-0.0023823732000999576,0.0016914171707108256
2024-01-29,0.003245104291061146,0.007367945926119455
2024-01-30,-0.009464070394548746,0.0013334702415492377
2024-01-31,-0.003477683730695763,-0.020076767507781024
2024-02-01,0.0087541008971328,0.008768561546398018
2024-02-02,0.0011109640455173042,0.03274464327687348
2024-02-05,0.01741960836325529,-0.0021314296818036225
2024-02-06,-0.00315962301050679,0.0010171448237244844
2024-02-07,0.00629638530388299,0.011640027284629956
2024-02-08,-0.005196312915729001,0.001119921583479742
2024-02-09,0.015376578297972954,0.004414856818296832
2024-02-12,-0.009025439047515543,0.0009884945617205376
2024-02-13,0.008043171873150123,-0.014692685836670901
2024-02-14,0.004727386844741027,0.007120615528472374
2024-02-15,-0.017977585204355495,0.007344599554894832
2024-02-16,-0.0019019001438109473,-0.004675158619214544
2024-02-20,-0.010944889485427323,-0.006158982849850826
2024-02-21,-0.010856601159088153,0.0032167030273473063
2024-02-22,0.042412810089792696,0.027418617077785534
2024-02-23,-0.0007532134892292985,-0.0013905958874534385
2024-02-26,-0.00012050163050078555,-0.0057463235792977
2024-02-27,0.004121338577236566,-0.0008477071756627375
2024-02-28,-0.008547806949189107,-0.003952795312301176
2024-02-29,0.006908677859998019,0.006254969018555674
2024-03-01,0.007795100653775228,0.006267479723464882
2024-03-04,0.00639865720592972,-0.006500213784664699
2024-03-05,-0.005304315186551084,-0.007460549507081156
2024-03-06,0.009450058743958323,0.00246947794125583
2024-03-07,0.009987925229562405,0.012287029847430927
2024-03-08,-0.01123689427935401,-0.005285228895118667
2024-03-11,-0.005051963331247827,-0.0016214151111108854
2024-03-12,0.017460775346209406,0.01459986279975666
2024-03-13,-0.011770293093066542,0.003010391618236602
2024-03-14,-0.005948631073379007,0.0021590948759195685
2024-03-15,0.0002881878086301026,-0.006095422169506278
2024-03-18,0.005410746918720288,0.007563795235934497
2024-03-19,0.001324690289592756,0.008431763249426025
2024-03-20,0.004681587780827945,0.009326271933269145
2024-03-21,-0.01864622396732274,0.0053464222114378845
2024-03-22,0.013617386697533013,0.0015176613409092858
2024-03-25,-0.0019550776255347624,-0.003751758084725665
2024-03-26,-0.00693996520592291,-0.004732369125968981
2024-03-27,-0.008260076675939865,0.006487429772531454
2024-03-28,-0.006037704976906727,0.00022109150220221233
2024-04-01,-0.0017164832403590846,-0.000533942196837602
2024-04-02,-0.003338745931822318,-0.006866431583964337
2024-04-03,-0.0035438669047397064,0.002791817852315248
2024-04-04,-0.005528882506414562,-0.009632624406696691
2024-04-05,0.004709745241058272,0.012925373218296343
2024-04-08,-0.0032289314750058294,-0.00027938503313193475
2024-04-09,-0.00967114643426023,0.0008380596762517881
2024-04-10,-0.0039466450762641325,-0.005460069563603842
2024-04-11,0.0036023681934553853,0.007939387685531327
2024-04-12,-0.004393195029998714,-0.01774879813037486
2024-04-15,-0.0038142894050208764,-0.008752081392045261
2024-04-16,0.004627667914638367,-8.458656480370141e-05
2024-04-17,-0.012766011509586173,-0.0032661914944356607
2024-04-18,0.0013006921474251476,0.002658103039345087
2024-04-19,-0.02294861571223067,-0.010539889629860208
2024-04-22,0.00647378365450052,0.011362076158510537
2024-04-23,0.007140718957199976,0.012770856622056395
2024-04-24,-0.014161974171211261,-0.003440301129613845
2024-04-25,0.012837620139986239,-0.00887572272513861
2024-04-26,-0.0008360391411986468,0.018681826848297372
2024-04-29,0.006210607648978461,-0.001630620555514134
2024-04-30,0.002158290241201982,-0.01688571343098581
2024-05-01,-0.00833173213165081,-0.00115682553971073
2024-05-02,0.006374957183352459,0.013926620864351999
2024-05-03,0.013697920535426372,0.014529918044974222
2024-05-06,0.006124972461739181,0.0113598163633818
2024-05-07,-0.008914533146015619,0.0004933472372409634
2024-05-08,0.001016054887530926,0.0019241581834010628
2024-05-09,-0.004036251274114194,0.009387117037950596
2024-05-10,0.005399360176314955,0.0005234324116280461
2024-05-13,-0.003118541906020622,-0.0022514461506688197
2024-05-14,-0.0009819699607598875,0.005810791221233282
2024-05-15,0.009839844932772346,0.012340537499784199
2024-05-16,-0.005898244276671655,-0.003908709390672838
2024-05-17,-0.010353994683233642,0.0038457222167187777
2024-05-20,0.0023850036666080154,-0.0058353990097316415
2024-05-21,0.0007759039410224211,0.0037906754243619465
2024-05-22,0.0018161096915810249,-0.007437090260269813
2024-05-23,0.028777171444592436,-0.002066099967679813
2024-05-24,0.0031856693631884814,0.007588011170850238
2024-05-28,0.01503097811886317,0.008641589395004942
2024-05-29,0.0032918777190978077,-0.007593236778402947
2024-05-30,-0.0005582577946875444,-0.008207671662359953
2024-05-31,-0.005378391614375699,0.009543952747939214
2024-06-03,0.01213713431325203,0.0011965978074694277
2024-06-04,0.006307582390812194,0.0007433992897118621
2024-06-05,0.011083178237222435,0.011582295449477809
2024-06-06,-0.006068243089381475,0.0010019353597574647
2024-06-07,0.0025868743735469324,-0.0036898188465370094
2024-06-10,0.004285127153766333,0.005399313834868358
2024-06-11,0.00030157095821020663,0.0043422165745210795
2024-06-12,0.01624789255766701,0.006626523790292753
2024-06-13,0.017226755700745444,0.0008142602139778743
2024-06-14,0.0034175288611034693,0.000698103902412058
2024-06-17,0.0012932700762925409,0.003605227104611456
2024-06-18,0.012585219815161752,0.0015973324128842707
2024-06-20,-0.016276354483081346,0.0024980397320391035
2024-06-21,-0.008908023784072183,-0.004686962191695056
2024-06-24,-0.02702250661141664,0.0013202783408131265
2024-06-25,0.0005310290170943976,0.0058335744958638025
2024-06-26,0.0033172775658695253,0.004635109712703367
2024-06-27,-0.008158815962952537,0.0022467370916926244
2024-06-28,0.005022923191397188,-0.0013311860678758929
2024-07-01,-0.0051136702793257716,0.005926722625005089
2024-07-02,-0.005563297340414941,0.005310427211249839
2024-07-03,0.008387814077190942,0.002929800394521981
2024-07-05,-0.0074733007890845915,0.005452991520294724
2024-07-08,0.013143171797504072,4.3132337746507966e-05
2024-07-09,0.011658218343920114,0.0019309544028877264
2024-07-10,0.0015699944952907718,0.013208379494259848
2024-07-11,-0.0017409443201316932,-0.012611642371451895
2024-07-12,0.0013193339219805533,0.0012585139454729573
2024-07-15,0.0004745268121696955,0.007685192185834337
2024-07-16,0.003428760288656102,0.007474578876493758
2024-07-17,-0.007316411822636482,-0.008544977038287974
2024-07-18,0.005527289168962113,-0.007694926186546741
2024-07-19,-0.005476416469817141,-0.007011495472224322
2024-07-22,0.01003610896794127,0.006245301385711499
2024-07-23,-0.0015496646065922826,-0.0012472049606435849
2024-07-24,-0.003624011989044912,-0.02372788269251889
2024-07-25,0.005584141535875831,-0.003662534101571515
2024-07-26,0.0008132755472023412,0.011190530295457005
2024-07-29,-0.007591143706813186,-0.002167930820757243
2024-07-30,-0.009447777022602688,0.0016908273936371936
2024-07-31,0.03264516204849091,0.01754221930083692
2024-08-01,-0.016132498940268275,-0.01610150536403543
2024-08-02,-0.015728284150564126,-0.0225273903502765
2024-08-05,-0.0018609516020682837,-0.032868378034601055
2024-08-06,0.015172769322712137,0.0102511579882437
2024-08-07,-0.01370875162395041,-0.005461744062043629
2024-08-08,0.015229659284595964,0.022132379525928985
2024-08-09,-0.003714456460151061,0.005825361281750772
2024-08-12,0.005494672628439279,0.002856496624817184
2024-08-13,0.010920500297641023,0.01591775294195309
2024-08-14,0.005382038825085589,0.005123769593822251
2024-08-15,0.003942031076113017,0.01465099639315598
2024-08-16,0.006165530516406614,0.002110251471671034
2024-08-19,0.009433658587385013,0.008884700954810282
2024-08-20,-0.011549941042565876,-0.005055599772196467
2024-08-21,0.00252319312383828,0.0019614423236468115
2024-08-22,-0.001482942542267024,-0.00800688776891297
2024-08-23,0.013917959102184185,0.01364112636906368
2024-08-26,-0.004779369626076779,-0.0015478467054431584
2024-08-27,0.002190277806382007,-0.002154966442297281
2024-08-28,-0.0035328695801554733,-0.0069038914363041826
2024-08-29,-0.017776411952060672,-0.00016844335917243214
2024-08-30,0.003764122765388539,0.0079843238050581
2024-09-03,-0.023562575080097625,-0.02603194015272951
2024-09-04,-2.822750451900169e-05,-0.00549554637479575
2024-09-05,-0.00047258585551712695,0.0002641121198586523
2024-09-06,-0.0086022269402245,-0.019827394338099057
2024-09-09,0.01091625778593297,0.012349899900190022
2024-09-10,-0.011463370714109383,-0.005675777283354139
2024-09-11,0.014304922747535032,0.013388998259341053
2024-09-12,0.003860149590133366,0.010632836574426577
2024-09-13,0.0007170840828304992,0.0044793535398812145
2024-09-16,0.004858777739750325,0.0018398200837319578
2024-09-17,-0.005180391549129915,0.003248933310323674
2024-09-18,-0.00722271853343881,-0.00028076249912339923
2024-09-19,0.006015376538349604,0.020933651499866302
2024-09-20,-0.003964881554170602,-0.0015567537439562795
2024-09-23,0.0029549264317796364,0.0025386233086430545
2024-09-24,0.01172901646777294,0.004901492844593051
2024-09-25,0.0013937190078279482,-0.004170144624255745
2024-09-26,0.003207663971911884,-0.0014188282178381935
2024-09-27,-0.0029106066166000866,0.0033062512905346433
2024-09-30,-0.008672415854316634,0.006551159690777121
2024-10-01,0.001233963586554837,-0.005158016771620255
2024-10-02,0.006366864151835766,0.003511051037082926
2024-10-03,0.006998324194734895,0.001658495732779745
2024-10-04,0.007908258544239904,0.011185078247651267
2024-10-07,-0.0038276098383379074,-0.008235455048007887
2024-10-08,0.011333337760090129,0.00641958906686967
2024-10-09,0.005886956305203805,0.006099475254686376
2024-10-10,-0.005172393477074461,0.0011678381448596842
2024-10-11,0.015061400041403605,0.008971661365829284
2024-10-14,0.0006672179052286675,0.007327527433178428
2024-10-15,0.015036461170564702,-0.014505529290494071
2024-10-16,0.002648724180479789,0.004798544198255141
2024-10-17,-0.003043360450297128,0.00012809074083496483
2024-10-18,0.0022722805725297335,0.002992455421377956
2024-10-21,-0.008051930923965223,0.00037598722957613945
2024-10-22,0.00013998369304046854,0.0030463504216383572
2024-10-23,0.0002969813525026954,-0.012916365931095214
2024-10-24,0.006748723198012091,0.003134477610782153
2024-10-25,-0.009028172256127204,0.0014294602718002332
2024-10-28,0.010624373257251879,0.0048577236264613355
2024-10-29,0.004212608769347592,0.001135574178941029
2024-10-30,0.003799614480122837,0.00016709374772992205
2024-10-31,-0.007418230288043892,-0.019232587394084965
2024-11-01,-0.0013196294889584181,0.008469851301174364
2024-11-04,-0.016766644574204764,-0.0032860690409385516
2024-11-05,0.009687995375628533,0.012543521340156702
2024-11-06,0.0502949369726719,0.037551047414760015
2024-11-07,-0.015404186745580861,0.008415853059329662
2024-11-08,0.0035066833894907,0.0005120136799789121
2024-11-11,0.009992375513303176,5.3568813954019134e-05
2024-11-12,-0.0015826154965701278,-6.0055578651620665e-05
2024-11-13,-0.005491220347621617,0.003428151654725801
2024-11-14,-0.006641461822853939,-0.0027338678517583406
2024-11-15,0.008828707202729269,-0.013305745064317078
2024-11-18,-0.006236010994287999,0.0016568282453520062
2024-11-19,0.0005051599656959171,0.0022408847487400776
2024-11-20,-0.008410563126428683,0.00149976732348119
2024-11-21,0.006414056802195756,0.0001881166208766901
2024-11-22,0.00582643879449854,-0.0003773299551882529
2024-11-25,0.008669261542075896,0.004322237767021527
2024-11-26,0.001489121098054047,0.008061695477265355
2024-11-27,0.0010940210732160172,-0.00370880248975188
2024-11-29,0.0008667628314955322,0.005374804040713749
2024-12-02,-0.005266641016256096,0.005297895044842553
2024-12-03,-0.00046922922931816324,0.005327134507596957
2024-12-04,0.009911260110027242,0.0028438989835642505
2024-12-05,-0.0013498139800975362,-0.0028792263740650046
2024-12-06,0.012174021482963177,-0.0011744593916604522
2024-12-09,-0.0073940516148149615,-0.0015204147704415232
2024-12-10,-0.004162415905557326,0.00023516462657021306
2024-12-11,0.006829489152180762,0.007005707015165369
2024-12-12,0.00017001356858867278,-0.008603165930601406
2024-12-13,-0.0006877324336932167,-0.006417503933514544
2024-12-16,0.012661003752789085,-0.0030180763579396677
2024-12-17,-0.003087922347688038,-0.007235179416708796
2024-12-18,-0.008525187970734122,-0.026061921380501164
2024-12-19,0.011731630979986973,-0.0019825158822947644
2024-12-20,0.006580286222256426,0.012759082234139815
2024-12-23,0.0016726502925563658,0.008982469364087411
2024-12-24,0.007614777777285142,0.00972766922739099
2024-12-26,-0.0002676448723178959,-0.0008516768847689945
2024-12-27,-0.004209020561285581,-0.009259805573379576
2024-12-30,0.00024617095609816286,-0.007883578962109755
2024-12-31,-0.007369350162186983,-0.0035078393917226483
2025-01-02,-0.0012950082640111882,0.00303897382557435
2025-01-03,0.002436293757834218,0.012301926250358372
2025-01-06,0.0014617590857045615,0.011097373067160188
2025-01-07,-0.013049141669681739,-0.00999336839065787
2025-01-08,0.003825816808635585,0.00024808583457826733
2025-01-10,0.00029499406510852255,-0.009676466838823413
2025-01-13,-0.003496078307340389,0.003917606656124006
2025-01-14,0.0021221398136268554,0.00030706375855640844
2025-01-15,0.0027904948328020818,0.026091972725275896
2025-01-16,0.0034812104972292424,-0.010605171143213743
2025-01-17,-0.0022071555011852206,0.012692716525395137
2025-01-21,0.0032979227552843438,0.006708507866722613
2025-01-22,0.0010368418124011847,0.004985906819213348
2025-01-23,0.0029255388612778044,0.006448761254809217
2025-01-24,-0.009955760660655288,-0.0027966991703418007
2025-01-27,-0.026283672530059865,-0.009318097943802311
2025-01-28,0.011312773972109447,0.014718137313395043
2025-01-29,-0.012489048608584574,-0.005774677152171624
2025-01-30,-0.0018496415679702116,0.0016474696691151554
2025-01-31,-0.01786513168407547,-0.008789521596143832
2025-02-03,-0.005361735189417294,-0.006937152258186095
2025-02-04,-0.0053498414993432,0.013163083499711209
2025-02-05,0.038751285863294294,-0.00193610082474228
2025-02-06,0.0047472883752531225,0.005756341265020309
2025-02-07,0.016455766264320992,-0.009982512455492948
2025-02-10,0.005367309439754719,0.008838234857288046
2025-02-11,0.0019393154195412043,0.0035853452794658938
2025-02-12,-0.0022405905940548754,-0.007848073594048119
2025-02-13,0.006142288202474588,0.009689457007367766
2025-02-14,0.00785866174107866,0.0032255684854093636
2025-02-18,0.0014010210159170478,-0.0036626504228626324
2025-02-19,-0.007207991002165598,0.00035590301545331454
2025-02-20,0.006175446121575057,-0.007866637565189691
2025-02-21,-0.0023477231182443548,-0.023841984311544606
2025-02-24,-0.004548707230172339,-0.007854327328668087
2025-02-25,0.005337815869818019,-0.007396045146690215
2025-02-26,0.009406809736456773,0.0007246760477385336
2025-02-27,-0.008664314265951767,-0.014799552165041798
2025-02-28,0.007099289240786011,0.018006802976062313
2025-03-03,-0.012738764247639034,-0.028398818227487622
2025-03-04,-0.005273776715074535,-0.007523091589194286
2025-03-05,-0.002782931529547339,0.009685657700102749
2025-03-06,-0.007174174202802225,-0.014051441854955013
2025-03-07,0.0011805097270209397,0.002221968222884396
2025-03-10,0.003030144999827067,-0.027660453827661174
2025-03-11,-4.733263826281475e-05,-0.00533619048770087
2025-03-12,0.006136264203511849,0.006770483280239594
2025-03-13,0.001976006020606602,-0.017995295567749776
2025-03-14,0.006667389074126562,0.025524810034136647
2025-03-17,0.002213552956895376,0.003645834836359191
2025-03-18,-0.0025564588567725532,-0.009492044921111683
2025-03-19,-0.0012568919715522653,0.012634676765228567
2025-03-20,0.006051024749574974,0.002855070651222776
2025-03-21,-0.008266777477022175,0.005457403964441064
2025-03-24,0.002256994641097021,0.019696553256235316
2025-03-25,-0.010700431820455408,0.006298478720478322
2025-03-26,6.228292396906476e-05,-0.01177371218736036
2025-03-27,-0.0007208828643377185,-0.007505281248332589
2025-03-28,0.01581046946401246,-0.02277603471785139
2025-03-31,0.005569911772402875,0.004900212838881331
2025-04-01,-0.0030170249183368025,0.006944446443208167
2025-04-02,-0.0006621301179569605,0.004743514318612002
2025-04-03,0.002895224453237838,-0.058147096017262624
2025-04-04,-0.0009298646113488906,-0.0541950902582869
2025-04-07,-0.008127840471252784,-0.0011422432858431235
2025-04-08,0.0020331291548929264,-0.010689745624725836
2025-04-09,0.029056126966184037,0.10226909523926864
2025-04-10,-0.0247113112921378,-0.039417579969302445
2025-04-11,0.00573002267666145,0.01912691668431757
2025-04-14,0.015924461248439215,-0.000375682427028845
2025-04-15,0.004289033313371299,-0.005492489049703425
2025-04-16,-0.005554351911186722,-0.02214394951339846
2025-04-17,0.06724312506313249,-0.014368429671185484
2025-04-21,0.012893334333478002,-0.02793127881953424
2025-04-22,0.011358322304594548,0.026304750481173422
2025-04-23,0.004948046412549256,0.01889432514318956
2025-04-24,0.005738465078119898,0.02063407733997512
2025-04-25,0.0012268366184181867,0.007354421559446776
2025-04-28,0.0013620465267870918,-0.0012946936386358798
2025-04-29,0.006995965612397931,0.00013128446457174223
2025-04-30,-0.0012211809382538796,-0.005605372698285871
2025-05-01,-0.008693319421317014,0.015465242402351928
2025-05-02,-0.009133854776780442,0.012647429915941394
2025-05-05,-0.014320860661956952,-0.008809735707754193
2025-05-06,0.0029654786087041918,-0.0077197613692819855
2025-05-07,0.00048200489945715574,-0.000867703837892179
2025-05-08,0.008563320298750121,0.009610960678782587
2025-05-09,0.004799409781268998,-0.0007547172896719504
2025-05-12,0.02171361186231513,0.04019309563467155
2025-05-13,0.05234536185365468,-0.00278471374226838
2025-05-14,0.0031114372098554888,0.006658245892699051
2025-05-15,0.027478106983097023,-0.010599385372920342
2025-05-16,-0.015584574143898883,0.0071921917084944624
2025-05-19,-0.02872140980362123,0.002734452051610714
2025-05-20,-0.008780772470426357,-0.005653575160178466
2025-05-21,0.006367518971832131,-0.015131060081489308
2025-05-22,0.005047945850685548,-8.834051608551848e-05
2025-05-23,-0.003932341033547948,-0.007838031108225054
2025-05-27,0.0081501434064227,0.01967768458778212
2025-05-28,-0.0035262389381464365,-0.004991271654126365
2025-05-29,-0.0028290746813508794,0.004588219221818494
2025-05-30,-0.0035118444280050898,-0.002087150746416059
2025-06-02,-0.002863507975895796,0.0063713163879599395
2025-06-03,0.006409981892762345,0.003932030399042728
2025-06-04,-0.002255011301826426,0.00041137855636038295
2025-06-05,0.0018085782104959591,-0.003299703262591075
2025-06-06,-0.00022971640503255397,0.017419099920672382
2025-06-09,-0.0044584894173474166,0.0027452989388011737
2025-06-10,0.0025371061767919256,0.00825762691666774
2025-06-11,-0.007490880814410766,-0.0014529249591280953
2025-06-12,-0.008792986899629485,0.0050286442642222635
2025-06-13,-0.0021361533092478235,-0.00922695920019779
2025-06-16,0.009076800123850315,0.010897375444255064
2025-06-17,-0.005190071626011733,-0.0018961958492164828
2025-06-18,0.005644754476753722,0.0002145983042858198
2025-06-20,0.013511333749170323,-0.0033453444262082355
2025-06-23,-0.0004086314026453264,0.0021745642864240133
2025-06-24,-0.0018244606704876376,0.00713164772888573
2025-06-25,0.006345724626413252,0.006734473520971247
2025-06-26,0.0026308211764461686,0.012508773302336157
2025-06-27,-0.0031751957513473927,0.009001880592391348
2025-06-30,0.008161372479348283,0.0016438303738203763
2025-07-01,-0.0058879252460248,0.003553207365726063
2025-07-02,0.02362488938277882,0.003594362360709591
2025-07-03,-0.0007233964291599171,0.0089990950137957
2025-07-07,-0.004136183217782585,-0.009663298520449568
2025-07-08,-0.007460475331590333,0.0008093417563450241
2025-07-09,0.0015103930413037092,0.005920215232950406
2025-07-10,0.00982559631370783,0.0045352788339661125
2025-07-11,-0.009897387121957783,0.002017583770495185
2025-07-14,0.00581293649503184,-0.0026917843904518033
2025-07-15,-0.012334492950920234,-0.004933678262605286
2025-07-16,-0.003150918625518445,-0.0013409366899484094
2025-07-17,0.006115818172604759,0.0024474354855165505
2025-07-18,0.006988384091068639,-0.0026879897255576157
2025-07-21,0.004914705995762381,0.005073092135075369
2025-07-22,0.008877944530576276,-0.0006910863453811941
2025-07-23,-0.003912832404416755,0.012420597294466984
2025-07-24,0.005230001766801717,0.002118697999769279
2025-07-25,0.0013725268359892073,0.0024395228229681563
2025-07-28,-0.004651592762269063,0.003826775418942663
2025-07-29,0.01944091310466592,-0.007072214556499913
2025-07-30,-0.011420206091223628,-0.0010690210331798695
2025-07-31,0.011539714605952822,0.0017013828427071183
2025-08-01,0.01602955243085749,-0.023827715122182125
2025-08-04,-0.003397453865810529,0.013714801749842001
2025-08-05,-0.007420460417057156,0.0011396052397129968
2025-08-06,0.00445683400395902,0.007512630548053965
2025-08-07,-0.004943303393755927,-0.0005602116761552941
2025-08-08,-0.006351385077543292,0.012203991680036635
2025-08-11,-0.00011257472032794036,-0.003271624525846765
2025-08-12,-0.002319501741691432,0.01563915966334502
2025-08-13,-0.0025665790259540577,0.0058357747435006475
2025-08-14,-0.0013859283969885894,0.002580854748547754
2025-08-15,-0.03149563630873123,0.006962777933941011
2025-08-18,-0.0078798221110353,-0.0018137540481766672
2025-08-19,0.01936507551461364,-0.008162159286226267
2025-08-20,0.001963959941104959,-0.005723178603699947
2025-08-21,-0.005500661656372585,-0.0010138249891931221
2025-08-22,0.005922344011823233,0.02162434532145095
2025-08-25,-0.003961206937761919,-0.0012265383741996334
2025-08-26,0.0031874413192030104,0.0012266731699975368
2025-08-27,-0.0016131805701259105,0.003990356784496153
2025-08-28,0.004288147553745236,0.004116615069127694
2025-08-29,0.0019162443005248109,-0.0020274387094543767
2025-09-02,0.004033973940952479,-0.006638883919210646
2025-09-03,0.001681939682222633,0.007199778912146275
2025-09-04,0.003916279185151195,0.01230350226510582
2025-09-05,-0.000636940636125849,-0.009648505523275638
2025-09-08,-0.0064408390350954026,0.003662414554829574
2025-09-09,-0.023761634011817356,0.015573072905364546
2025-09-10,-0.007811830574777079,7.477625044075935e-05
2025-09-11,0.005628290389250945,0.008092535850744717
2025-09-12,0.0005340328378842518,0.0021491420238484806
2025-09-15,0.0034511151402224216,0.00867358677999433
2025-09-16,0.009354127671315937,0.0011622016668510944
2025-09-17,0.004645391750559585,-0.0015784408668857348
2025-09-18,-0.002291355025233449,0.0017095055668309156
2025-09-19,-0.0018409934066692946,0.0036065841911899397
2025-09-22,-0.01732127147350279,0.00200588232298878
2025-09-23,0.0019509960580422758,-0.003951154003039682
2025-09-24,-0.0010667708676898036,-0.0014512199129636898
2025-09-25,0.0020326610705923565,-0.0013303358678746398
2025-09-26,0.004068761042794633,0.003382246306019169
2025-09-29,-0.008232519221534035,-0.002665109346495905
2025-09-30,-0.007784837683102175,-0.0022148252022598605
2025-10-01,-0.011838171225622252,-0.004348244018870777
2025-10-02,-0.009901630001911743,0.0009188208084283759
2025-10-03,-0.0008514569270525185,0.001811780900621442
2025-10-06,0.0006647488980231209,0.0036051931518737423
2025-10-07,-0.005556693287744913,-0.002564379903133629
2025-10-08,-0.014727964750008649,0.0015484259356105163
2025-10-09,0.006745721504333725,-0.0014586082389620076
2025-10-10,0.008801742462035161,-0.027314974062154506
2025-10-13,0.007845671997386894,0.018011256670808662
2025-10-14,-0.010867960966940315,-0.0063572421705286415
2025-10-15,-0.00036180073256827927,0.0034772805406314555
2025-10-16,-0.004054654144586167,-0.006117780865632398
2025-10-17,-0.008075411386998743,0.005052097696689202
2025-10-20,-0.007172303087452148,0.012773394318593173
2025-10-21,-0.006894529239922509,-0.0017399651592812
2025-10-22,-0.0004793405860361588,-0.0036852613355484363
2025-10-23,0.002066709992560284,0.004146965221992825
2025-10-24,0.011487349538035874,0.012545361596374214
2025-10-27,-0.0030620563670312184,0.01334982200100727
2025-10-28,0.00021191308016493826,0.006022662744909674
2025-10-29,0.00517213285850196,0.0013760453801510049
2025-10-30,0.01130281120465032,-0.016028737634156826
2025-10-31,0.004369400632877912,0.0055417809300467484
2025-11-03,0.004266112715108211,-0.0014363867756743605
2025-11-04,0.0029061878856746215,-0.00736997295141395
2025-11-05,0.00492132632270606,-0.0017449474990465785
2025-11-06,0.004715330774612697,-0.011290062822012522
2025-11-07,-0.0006190472635568822,0.0030318421298506557
2025-11-10,0.0064759037482362,0.01490487431470062
2025-11-11,-0.006854376308240484,0.0045708997375117355
2025-11-12,0.005389169288627621,-0.0014543024333326753
2025-11-13,-0.013204159796640275,-0.01568768433749158
2025-11-14,-0.0007608898857058566,-0.004145444465336444
2025-11-17,-0.0019363030339407117,-0.009041596996317383
2025-11-18,0.004871296623968985,-0.014876849144248666
2025-11-19,0.008876255043689024,0.0013328544593676588
2025-11-20,-0.0077714361834989865,-0.011387807999723434
2025-11-21,-0.011879983854467202,0.009544857597379617
2025-11-24,0.002010082780785072,0.012406814149935127
2025-11-25,0.0012487739183588698,0.010722540621880022
2025-11-26,0.00494251009354113,0.0067362087178116465
2025-11-28,0.006277167716424836,0.00801390358829033
2025-12-01,-0.006753129629081561,-0.0032120950128949055
2025-12-02,-0.002011924610422544,0.0014379425290304098
2025-12-03,9.77537238704973e-05,0.00641088260164599
2025-12-04,0.011169084318531391,0.0009752073796906365
2025-12-05,0.007797825564312022,0.0018919043678029175
2025-12-08,0.008345325727132286,-0.0034403623706878903
2025-12-09,-0.008151855021096943,-0.002800434875266896
2025-12-10,0.006468765605492199,0.008088946690712964
2025-12-11,0.0062946813401207335,0.004344929334428982
2025-12-12,-0.009451438205911156,-0.007840159079367137
2025-12-15,0.005923698048980214,-0.0035308886568472995
2025-12-16,-0.00182480538260818,-0.006804523242762946
2025-12-17,0.0020533053130766254,-0.005116932290180241
2025-12-18,0.0018752790846724432,0.005570690006017999
2025-12-19,0.007453069889054004,0.005232327467108953
2025-12-22,0.010370822162999754,0.005720500846271977
2025-12-23,0.0019455210961619729,0.008120085834560134
2025-12-24,0.0015291526424441315,0.0035312869135492773
2025-12-26,-0.004852707747364349,0.0006978311699770978
2025-12-29,-0.0054192185779256274,-0.0039017791401929256
2025-12-30,-0.004255566734756272,0.0015064286823419926
2025-12-31,0.00020018597383414383,-0.005334630116636985
2026-01-02,0.008598606200752007,0.00644569332274512
2026-01-05,0.015181281031576843,0.014729327461023956
2026-01-06,0.0029126650955782485,-0.0009476446898818066
2026-01-07,-0.0023314931188215537,-0.005634965080557571
2026-01-08,-0.002032875257860861,0.008270396245204037
