Date,returns,realised_vol,conditional_vol
2024-04-09,-0.05282265451086566,,0.03720368642594336
2024-04-10,0.010944718575246242,,0.03895402901793316
2024-04-11,-0.010920619373458104,,0.036619100242530817
2024-04-12,-0.0777516251273086,,0.035301095039161526
2024-04-13,-0.07626517308246297,,0.04178134767534591
2024-04-14,0.04935938456730982,,0.04463868237072657
2024-04-15,-0.017685586551786654,,0.04255886773181658
2024-04-16,-0.0053924386671186314,,0.038944191953615266
2024-04-17,-0.033017312925022226,,0.036498248298615595
2024-04-18,0.026874312433905416,,0.03649106668175419
2024-04-19,-0.0022036534993674084,,0.03601589743703422
2024-04-20,0.03164173368360715,,0.03481404192707044
2024-04-21,-0.0032795465278029896,,0.03548029565168115
2024-04-22,0.01712564563340568,,0.03452542874475581
2024-04-23,0.005686954607987599,,0.034385406590085765
2024-04-24,-0.02519316024865432,,0.03395495519786034
2024-04-25,0.0053060832242908225,,0.034541146287356786
2024-04-26,-0.008381181989109839,,0.03403400700088563
2024-04-27,0.03823626302807226,,0.033816425656200806
2024-04-28,0.0032560391987989765,,0.0355653019139917
2024-04-29,-0.014617183696819814,,0.03457214978705418
2024-04-30,-0.06526122564673097,,0.03430297249329065
2024-05-01,-0.0142100983654365,,0.039274300983190145
2024-05-02,0.0061711957178097335,,0.03690582037515053
2024-05-03,0.03788339383392521,,0.03535458077342486
2024-05-04,0.004511872854835109,,0.03632521194009055
2024-05-05,0.006290398503118544,,0.03500673139056045
2024-05-06,-0.024040038580963836,,0.03430392469626323
2024-05-07,-0.018503998431245543,,0.03464977959815825
2024-05-08,-0.011009687024774535,0.6010769334812468,0.03451863296623062
2024-05-09,0.020755029698057075,0.5854392435454798,0.03414852986924114
2024-05-10,-0.04246626781829076,0.5969026442638442,0.034369006590683315
2024-05-11,0.0006221160390406102,0.5972015444289818,0.03628810895961869
2024-05-12,0.005855826173073679,0.5395169296664186,0.03495954682080973
2024-05-13,0.007028779746072381,0.47192035652603725,0.034270927516340255
2024-05-14,-0.023395786097884168,0.44223746196715386,0.03391612812610519
2024-05-15,0.05269655364749688,0.4794876482226338,0.03440297241910872
2024-05-16,-0.03073550264355441,0.4906277598840531,0.03753002867786482
2024-05-17,0.04934976715389136,0.5079428068330754,0.03686592477305275
2024-05-18,0.009274638996405352,0.5003998680204057,0.0383539737942019
2024-05-19,-0.01650002665483795,0.5038853324092224,0.03623417359339954
2024-05-20,0.1762382868010669,0.7892761171308169,0.03528909625904462
2024-05-21,0.03366866891950015,0.7949252878925778,0.06378532606709687
2024-05-22,-0.013843244909627229,0.7968992672665263,0.05296094090549745
2024-05-23,0.010569357450196248,0.7971221659312073,0.04515391044417772
2024-05-24,-0.01332471644000898,0.7924657351172474,0.04025153270160866
2024-05-25,0.005966173775721023,0.7924648015350729,0.03743663245513443
2024-05-26,0.02024083153978704,0.792335966733147,0.03564972353906894
2024-05-27,0.017131850662020106,0.785147427022226,0.0351500877854649
2024-05-28,-0.01338579915596923,0.7880164931314599,0.034723827019006094
2024-05-29,-0.020270383528343885,0.7900708336737047,0.03433852775308385
2024-05-30,-0.004353355314895978,0.7491659208408613,0.034443699217126145
2024-05-31,0.0035106521272609877,0.745309853188789,0.03396836120556719
2024-06-01,0.014042427874062515,0.7455904107479748,0.03370125079952053
2024-06-02,-0.00850744518516571,0.7398245562193357,0.03381182698425518
2024-06-03,-0.0038442575052388345,0.7406922759003777,0.03369948522510098
2024-06-04,0.012172544281108134,0.740975227554783,0.03355940244220939
2024-06-05,0.013481152792515601,0.7330278068362793,0.03366844552918436
2024-06-06,-0.013719845755309394,0.7310585799459955,0.03377303951533803
2024-06-07,-0.035510442059965494,0.7439204690912857,0.03383797561640509
2024-06-08,0.0006306884744769404,0.7425789039477836,0.03531292756744524
2024-06-09,0.006756314164966851,0.7213376747870726,0.034419204063156794
2024-06-10,-0.010630316278621378,0.7238617068204918,0.033991519696781373
2024-06-11,-0.047010981983524644,0.748609739665826,0.0338521833548724
2024-06-12,0.01736727097632723,0.7496695440250298,0.03654675801225607
2024-06-13,-0.025705704714259914,0.7508623236414096,0.03550018491998573
2024-06-14,0.0031630038557184355,0.731888157651702,0.03539968048567424
2024-06-15,0.024207752622054518,0.7236018269835146,0.03447995911728326
2024-06-16,0.015311473816653393,0.7077228555342687,0.034754278754600514
2024-06-17,-0.030620859117855167,0.7184583605032584,0.03442968355893317
2024-06-18,-0.00791920392908301,0.7160099048661528,0.035194575945925094
2024-06-19,0.021487609668652857,0.3658471059818167,0.034438192860743594
2024-06-20,-0.013651565186732603,0.34617020144701366,0.034565440937510815
2024-06-21,0.0014198534045649273,0.34398565165605594,0.03426236379222138
2024-06-22,-0.006065499463015878,0.3411974243354373,0.03384652550974593
2024-06-23,-0.022045438571424145,0.34597395627846556,0.03366913342683654
2024-06-24,-0.020197702440774193,0.34957339079545,0.03418921656471747
2024-06-25,0.013275453882714556,0.3443621760874603,0.03435988325480698
2024-06-26,-0.0075546915107269795,0.33597468316592644,0.03413739739390802
2024-06-27,0.022108376577073693,0.3471898501418745,0.03385427063432631
2024-06-28,-0.020874913112926562,0.34756089829955267,0.03429099906989499
2024-06-29,-0.00019808867293944407,0.3477561009472164,0.03445181154945941
2024-06-30,0.017609225609107902,0.3547423929367043,0.03394691542984885
2024-07-01,0.0021685276720193785,0.34993348717924977,0.034097625517831395
2024-07-02,-0.006996638978035451,0.34969717600502953,0.03376078169166552
2024-07-03,-0.03680039448140592,0.3686297869405562,0.033639675688113616
2024-07-04,-0.07515061496466699,0.43824930892211716,0.03533386617782576
2024-07-05,-0.02416349597673571,0.43534756497330446,0.04135197341440789
2024-07-06,0.029015301659585418,0.45418800648016794,0.03856754256106845
2024-07-07,-0.046681655503527444,0.46450056839974757,0.037308716672959534
2024-07-08,0.0300435968726786,0.4820519682970671,0.03827353919238667
2024-07-09,0.014895154999188484,0.48571460250704696,0.03722165024293414
2024-07-10,0.012385572618808289,0.48977339939896475,0.03577130031709139
2024-07-11,-0.0006087624106830084,0.46655389800835595,0.03487673730054215
2024-07-12,0.010851959194587995,0.46333615736794753,0.03417954033746809
2024-07-13,0.013639128129379254,0.4607145629277274,0.03396018920781476
2024-07-14,0.02083161371346049,0.4677250627713368,0.03393537252906267
2024-07-15,0.07294205174733921,0.5293712334391747,0.034259778908649875
2024-07-16,-0.013281276223357542,0.5278668424429623,0.040490412784629476
2024-07-17,-0.016030453163747214,0.5201931873463549,0.037573259883158176
2024-07-18,0.011007020314281727,0.5212971579776202,0.036013427020021756
2024-07-19,0.02293129734260735,0.522089170944697,0.03496746626118407
2024-07-20,0.003860642072703653,0.5201090398621963,0.03493492513623641
2024-07-21,0.004906557962795613,0.5203644029392253,0.03423115421653061
2024-07-22,-0.02757382571951999,0.5289579757137348,0.03385983345449954
2024-07-23,0.01201211514150231,0.5248403019269107,0.034659701496018006
2024-07-24,-0.04273144480608137,0.5417003554179636,0.0342564620423276
2024-07-25,-0.04974698344282357,0.5661117519147946,0.03625987358412994
2024-07-26,0.03148111446436277,0.5777535562901969,0.03809052996058235
2024-07-27,-0.00868963790870826,0.572251944537972,0.03723119992209593
2024-07-28,0.007319076729185486,0.5689665643945665,0.03558615230153979
2024-07-29,0.014889437070117674,0.5716699971760756,0.034641316715413345
2024-07-30,-0.012690053134925989,0.5693392727103219,0.03435127936997356
2024-07-31,-0.014553970196310946,0.5709568508728299,0.03411206092710085
2024-08-01,-0.009243606225469832,0.5712536250365804,0.03405225101168305
2024-08-02,-0.06970046769621462,0.6067822125183161,0.03384714681932
2024-08-03,-0.028061560938994944,0.556730581245914,0.03976730288194971
2024-08-04,-0.07767594583538323,0.6124212507896983,0.03791233148449085
2024-08-05,-0.10558915612966013,0.6967147349289425,0.042979459374491435
2024-08-06,0.01703001480287719,0.6875322039232024,0.050422554298427326
2024-08-07,-0.050950140414945395,0.6923563191645014,0.04367051004200907
2024-08-08,0.13837472540841295,0.8588959041194764,0.04219209239607178
2024-08-09,-0.031709990019111754,0.8618020754568942,0.05700283354952857
2024-08-10,0.004001952984403117,0.8623077491734737,0.048508820110887
2024-08-11,-0.021991096048381804,0.8619643793338472,0.04219018144969668
2024-08-12,0.06489200567317864,0.8951843979366296,0.03893250927341141
2024-08-13,-0.00764912091036673,0.8902894584332475,0.041473428232947376
2024-08-14,-0.015189492393236552,0.8436942581226885,0.03800080021811539
2024-08-15,-0.03548130840522891,0.8486472621258708,0.03621983606905817
2024-08-16,0.008947435404047986,0.8507908876682977,0.03655686058285158
2024-08-17,0.008203365923541336,0.8500202857112144,0.03521478094084925
2024-08-18,-0.00045513355798471977,0.8428425682683164,0.03445545629219088
2024-08-19,0.00912242214579242,0.8441141988950943,0.0339491311707078
2024-08-20,-0.02464399960665874,0.8440082042812298,0.03378842478431622
2024-08-21,0.02240022447604025,0.8493436669096583,0.034416445657110224
2024-08-22,-0.0032141383843607603,0.8462720329442512,0.03460759751725139
2024-08-23,0.052540444326856055,0.8641632055363807,0.03404592904715536
2024-08-24,0.0017863296523750458,0.8501099079069833,0.03733437405615299
2024-08-25,-0.0073323731435487914,0.8401263713636155,0.035549794611734395
2024-08-26,-0.024977694805671382,0.8427377829017062,0.034621529182780775
2024-08-27,-0.08667332605342254,0.8861524215784461,0.03488021893460319
2024-08-28,0.02794927437788038,0.8918327949836392,0.04319804748223139
2024-08-29,0.00014917213115699394,0.8923037913597142,0.03986957999347323
2024-08-30,-0.001175442092530881,0.8924111264870516,0.03699435291424488
2024-08-31,-0.004932611857998876,0.8924750009451172,0.035356050472197455
2024-09-01,-0.03460629942396255,0.8700854350330416,0.0344752185118798
2024-09-02,0.0444224959173987,0.8845082485880694,0.03555963439078144
2024-09-03,-0.04743315088676016,0.8589299048765002,0.03711221698687092
2024-09-04,0.011653410515005637,0.7769347774339481,0.03825678030411622
2024-09-05,-0.033735528614387535,0.7834389389022679,0.036242809976577986
2024-09-06,-0.06268304999646478,0.793806100616579,0.03641530699781896
2024-09-07,0.022335697564614777,0.6204425877779037,0.03990034408565022
2024-09-08,0.010143933626153243,0.6153575426287916,0.03763287995474207
2024-09-09,0.026286807450088948,0.6239099692889121,0.035847787156424914
2024-09-10,0.013099792549207671,0.6227390959735745,0.03562666597889828
2024-09-11,-0.02103484508209975,0.5766268606851678,0.034821443692852776
2024-09-12,0.00933309346577322,0.5787105593762014,0.03474526168139076
2024-09-13,0.03324019383426923,0.5919615352399868,0.03422546267120837
2024-09-14,-0.009469418098884515,0.580785554610992,0.03530816466549742
2024-09-15,-0.04123324147661824,0.5950534322987612,0.034536828863836064
2024-09-16,-0.01109739360862194,0.5940023316179861,0.03624155304899861
2024-09-17,0.020024028033948524,0.5999539145554292,0.035096428279090944
2024-09-18,0.011895127545669125,0.6007747409372619,0.034838215753832794
2024-09-19,0.039315669682806115,0.6138129320829057,0.03434976773399632
2024-09-20,0.038334655280300785,0.6240317653223992,0.03594698228603249
2024-09-21,0.021165907208287316,0.6286723779618844,0.03667961592401216
2024-09-22,-0.012693537511001317,0.6004824167750136,0.03576425114087796
2024-09-23,0.025112657258749498,0.6079292222081751,0.03488313934406377
2024-09-24,0.00219072378340883,0.607684231779824,0.03502884947913052
2024-09-25,-0.028649257997379086,0.6096265381467377,0.0342689590367383
2024-09-26,0.02026755789673181,0.5300415805369492,0.03495534627035887
2024-09-27,0.023912355962124945,0.5277623621595398,0.034775081713971014
2024-09-28,-0.00683422342755452,0.5286549570750951,0.03489288527559394
2024-09-29,-0.0068175371109074024,0.5294345069783714,0.03425127066159003
2024-09-30,-0.02139184502068316,0.5351187139227336,0.033901458650566485
2024-10-01,-0.06104115266475197,0.5644995207298797,0.034273813314959135
2024-10-02,-0.034771594518332734,0.5540592980829211,0.03862501655427896
2024-10-03,-0.006549484508482835,0.5300222822096304,0.037794516219424396
2024-10-04,0.027287462033179014,0.537469151654231,0.03586135333166101
2024-10-05,0.00034692206084847404,0.5238941313283375,0.035703793172634925
2024-10-06,0.010019846511531982,0.4720552672630453,0.03463465643648436
2024-10-07,-0.00747105501970075,0.46819449248893485,0.034183279305045104
2024-10-08,0.0074231254351555245,0.46770188044120053,0.03387739609076759
2024-10-09,-0.029767390727599395,0.4719257537303538,0.033711035401362686
2024-10-10,0.006554737109736946,0.47021232521259165,0.0347502388430026
2024-10-11,0.021847948378953628,0.4699502778335658,0.034168232644456425
2024-10-12,0.01628754401931218,0.4720585853272058,0.03444235652812135
2024-10-13,-0.0035784153134817112,0.4582474115422526,0.034302756381012746
2024-10-14,0.06328824753346127,0.5063650929312314,0.033883275513872185
2024-10-15,-0.008740560369299363,0.4829618773946554,0.038775624662651914
2024-10-16,0.0019474636630232294,0.4800106359602687,0.036462076191147656
2024-10-17,-0.00261864834037678,0.4771625657407294,0.03506111026892436
2024-10-18,0.014212990821686776,0.4777413809135234,0.03428945530273057
2024-10-19,0.0026859960703630786,0.4600516482340865,0.034134435076947266
2024-10-20,0.03622514753887915,0.458032108225248,0.0337842004741541
2024-10-21,-0.029806611723017833,0.46608409506298765,0.03535268505292227
2024-10-22,-0.01722154792344878,0.467976908213376,0.0356183982479035
2024-10-23,-0.04332602482144412,0.4832702678083991,0.034983202794971975
2024-10-24,0.010072125451518981,0.4848692760664352,0.03669533877548582
2024-10-25,-0.039665511408436306,0.49405691208946334,0.03532016320313827
2024-10-26,0.017768286644448166,0.49272014693085847,0.03648357239718372
2024-10-27,0.010565606337183628,0.4860430119147134,0.03548371783298135
2024-10-28,0.023430015732824112,0.49399451488465,0.03466273177719156
2024-10-29,0.02791075260486656,0.5039758741784229,0.03480235488208608
2024-10-30,0.007332923830771978,0.4987558032746035,0.03518206580164277
2024-10-31,-0.054747302007758666,0.4893459092381971,0.03441926626145113
2024-11-01,-0.0015569071230169813,0.47229086522212416,0.037809657483124384
2024-11-02,-0.008321889126305491,0.47273518773226475,0.035817485880778696
2024-11-03,-0.014004616269904045,0.46677927014158943,0.034790032581426315
2024-11-04,-0.02447820471317373,0.47488978317890423,0.034397379806124125
2024-11-05,0.0106332889134209,0.4750616688254731,0.03472792804762102
2024-11-06,0.11730125264069904,0.6263991099098944,0.034251232102960535
2024-11-07,0.0610238212650149,0.65730913699027,0.049223691431323394
2024-11-08,0.022777538004594824,0.6470886896494342,0.0464963426881904
2024-11-09,0.05543374635533525,0.6683397642976998,0.0415217536279302
2024-11-10,0.01903956214350408,0.6677365049614664,0.04154743011675153
2024-11-11,0.05590174711708531,0.6871945560133442,0.038413466128894985
2024-11-12,-0.03883717170826067,0.7068902321649208,0.03997032073235085
2024-11-13,-0.016668377768941905,0.6844658646319024,0.0388971832265708
2024-11-14,-0.042763057630081716,0.7039945897724381,0.03678670663622381
2024-11-15,0.01431114127592229,0.7045650195456568,0.037570504782469656
2024-11-16,0.009695994492798173,0.7040323986056287,0.03594454845608315
2024-11-17,-0.0185584011251578,0.7085819761804358,0.03489328904739691
2024-11-18,0.0420829005896754,0.7201433748968689,0.034652785802914476
2024-11-19,-0.03053528608605521,0.7229701118992322,0.036391383257632255
2024-11-20,-0.012677646434410245,0.7152691882433551,0.0362320995065734
2024-11-21,0.08986459438020718,0.769386710306194,0.03514087296790748
2024-11-22,-0.008801683663305197,0.7493940350554712,0.043911239848661444
2024-11-23,0.019211127992395893,0.7501669764787553,0.03946619959717258
2024-11-24,-0.009634405505680803,0.7323681097978687,0.03722467351516513
2024-11-25,0.01472139104925894,0.7320780159810264,0.03560507349352566
2024-11-26,-0.02582512070414831,0.7430560673300062,0.03486971989810832
2024-11-27,0.09478538754645882,0.7995029544537362,0.035069765263042375
2024-11-28,-0.021401146668093715,0.8054920708411117,0.04483200741013785
2024-11-29,0.003814943374230773,0.8057418315670085,0.04045735066499637
2024-11-30,0.03074851569555738,0.7737437273420484,0.037353466561090724
2024-12-01,0.0014722430127681644,0.7731027878471854,0.03677053031526406
2024-12-02,-0.018209406755861343,0.7772945534058273,0.03523150226758942
2024-12-03,-0.0064658468521986735,0.7744767406681132,0.0348189281509613
2024-12-04,0.05914833494591177,0.7785555735347152,0.0342041859905718
2024-12-05,-0.0079251353622021,0.782761342021191,0.038317126558392645
2024-12-06,0.0498521437821613,0.7032388090243527,0.036183458381664715
2024-12-07,-0.0007786523927710283,0.6826971393163114,0.0380642753835511
2024-12-08,0.0007522012085822692,0.6821530903972909,0.03595964389855386
2024-12-09,-0.07434792132244801,0.7225110282738706,0.03477707790075724
2024-12-10,-0.023633887951846233,0.7279309955932937,0.04096194155157596
2024-12-11,0.05386366878061331,0.726145468520457,0.03831274767518043
2024-12-12,0.013032853981372694,0.7097699520872554,0.039657273438782656
2024-12-13,0.0072113869709225994,0.7050549820904248,0.03708491442647885
2024-12-14,-0.011003244988306717,0.685402790862178,0.035473286827375494
2024-12-15,0.021364543575881818,0.6866831734150463,0.03466964521911371
2024-12-16,0.008952800788842093,0.6866657919563057,0.03468238580391102
2024-12-17,-0.025582213898984484,0.6905158978130003,0.03418175859012536
2024-12-18,-0.07143741459791197,0.7318754588167219,0.034687501962652904
2024-12-19,-0.05710555070104135,0.7532208003199526,0.04043674366725753
2024-12-20,0.015855679498072085,0.7522576611917827,0.04118152913491146
2024-12-21,-0.039751344867883016,0.7002947142667997,0.038066029870753075
2024-12-22,-0.018047184722855183,0.7024570538941894,0.03794570468471795
2024-12-23,0.04131578891043393,0.7144115102881549,0.03631048909737702
2024-12-24,0.022081448333140734,0.7174800256581587,0.037169219233894074
2024-12-25,0.00033944122820036106,0.7158328217684413,0.03608562183217316
2024-12-26,-0.04748798822014693,0.7298138695007027,0.03484646849198004
2024-12-27,-0.0006933298713642455,0.644860580098397,0.03710157011229285
2024-12-28,0.020511259981722818,0.6464880449960175,0.035415138582959235
2024-12-29,-0.01434319366939035,0.6476264489899319,0.03503714508287148
2024-12-30,0.0020516699153482506,0.6368159967290002,0.03454469111318945
2024-12-31,-0.007134462860039393,0.6367117878917666,0.03400325144476956
2025-01-01,0.006273517295701473,0.63536063236084,0.03377322191400565
2025-01-02,0.0287719812471198,0.6446030945669385,0.03363313240879244
2025-01-03,0.04354668421094001,0.6281865109144893,0.03463163517352121
2025-01-04,0.014511910498409194,0.6304463118888849,0.03654022132164478
2025-01-05,-0.006473868081853754,0.6028589019214872,0.03537728274010962
2025-01-06,0.01488753131858787,0.6061336236564714,0.034510576469924954
2025-01-07,-0.08690776855318222,0.6732157880599953,0.03428047464746184
2025-01-08,-0.01647288739964766,0.6276011153012113,0.04298349225929793
2025-01-09,-0.03266486590658005,0.6319835847332029,0.03914466882338133
2025-01-10,0.014817571558857769,0.6008841417736386,0.037906837938375786
2025-01-11,0.004497241268526795,0.5983351844839933,0.036152599787266086
2025-01-12,-0.004968300347394521,0.5965574660129492,0.03491048469431702
2025-01-13,-0.040762470862644534,0.608601991507162,0.03423103404781245
2025-01-14,0.027736408727976197,0.612731738791502,0.03603573618456659
2025-01-15,0.06800506244582687,0.6642800625464782,0.035829970930415275
2025-01-16,-0.04208191502412488,0.6732036601085798,0.040421930547858934
2025-01-17,0.04888938944737178,0.6551710025163567,0.03945719819274248
2025-01-18,-0.04966217811293385,0.6476713864651535,0.03966123806655089
2025-01-19,-0.029727086231321007,0.6521417195072093,0.03985918945481005
2025-01-20,0.021296025259985578,0.6431086597657599,0.038081658862983564
2025-01-21,0.01494881693485586,0.6421375856754711,0.03654959759545457
2025-01-22,-0.026550445302571023,0.6313921648397858,0.035399372721553427
2025-01-23,0.0287443006707829,0.6349761260953598,0.035403386074232754
2025-01-24,-0.007573233345215728,0.6352816246376993,0.035564299284089086
2025-01-25,0.002328295592442531,0.6135832056871052,0.03463434065116905
2025-01-26,-0.024762521012446293,0.619570900719923,0.034053832330796105
2025-01-27,-0.017837847698675705,0.6172933944844199,0.034564478199725766
2025-01-28,-0.03254997236383924,0.6250121066821132,0.034440057021418995
2025-01-29,0.011594904629125801,0.6268335380002479,0.03536043517030467
2025-01-30,0.04238511728102197,0.6457475554423479,0.034625629589217444
2025-01-31,0.015424919053598832,0.647805399974877,0.036410076268374204
2025-02-01,-0.056099456678397046,0.6668121787096264,0.03534109880543391
2025-02-02,-0.08344067699827871,0.7005870215404862,0.03844500622113774
2025-02-03,0.0055182004281227595,0.6977082309948749,0.04421920226617551
2025-02-04,-0.05322449942735329,0.7153265569289269,0.03959527809379777
2025-02-05,0.019095058966454467,0.7172779546054787,0.040249097562061985
2025-02-06,-0.03629869234094331,0.6684489040934111,0.03766658249924034
2025-02-07,-0.024928623743827878,0.6705017154654344,0.037406504204326924
2025-02-08,0.0038432364127754287,0.6656245439996951,0.036388248765929394
2025-02-09,-0.0013636717798480905,0.661416997176994,0.03503445975586826
2025-02-10,0.012267164782037834,0.6637053136513161,0.03426805458499524
2025-02-11,-0.022183787478293967,0.6657579968922789,0.03405269786101778
2025-02-12,0.05024579395397725,0.6840714218261723,0.03440083584511235
2025-02-13,-0.022539920715982806,0.6766603904281542,0.037215478971521325
2025-02-14,0.018582178249458774,0.6286970216836928,0.03613751124376559
2025-02-15,-0.012005247865075232,0.6167276448654889,0.035331979801673775
2025-02-16,-0.011291737700936885,0.5830726632779644,0.03462302187297029
2025-02-17,0.029553083215087584,0.5787545503486774,0.03421376242463471
2025-02-18,-0.027294188903542998,0.5775717478646352,0.03499617971387164
2025-02-19,0.01724506306915038,0.5753184711056732,0.03524031914932426
2025-02-20,0.009023070046993532,0.5729337806086373,0.03477809354569319
2025-02-21,-0.029902349843719034,0.5745294834400692,0.03423564337795164
2025-02-22,0.038492895560236925,0.583017319297882,0.035035203171793566
2025-02-23,0.020511918097523604,0.590402516338468,0.03621842667295499
2025-02-24,-0.1153974020454973,0.7032287113412043,0.035475332416632914
2025-02-25,-0.008079567833921199,0.7009993610932256,0.04927119539539703
2025-02-26,-0.06723293096623037,0.7296995810343615,0.04271546673453495
2025-02-27,-0.011200727179471915,0.7253056842229443,0.04375624077325301
2025-02-28,-0.029750512811404645,0.7244193244284611,0.03943021841507269
2025-03-01,-0.009546253209763234,0.6984312235079678,0.03784283634425872
2025-03-02,0.12814366644777012,0.8498730188662842,0.035951064302678096
2025-03-03,-0.16073059198113754,0.9897460909630724,0.052289717353247785
2025-03-04,0.011327039159087922,0.9589294330921413,0.0662013657783263
2025-03-05,0.032624054470729545,0.9688128682549833,0.05366665998733358
2025-03-06,-0.01777564914208305,0.9559756099797727,0.04647938204396314
2025-03-07,-0.029249939244508128,0.9540978481446131,0.041284009861656736
2025-03-08,0.028810994834996623,0.9575285312213192,0.038854520847573
2025-03-09,-0.08827175789597276,0.9974001211898607,0.037453602964303154
2025-03-10,-0.07967653516610547,1.0262334022325914,0.04463167068634912
2025-03-11,0.031049127522702755,1.0364616684436758,0.04662901787991517
2025-03-12,-0.005673973790330683,1.0333915755899146,0.042095637075649804
2025-03-13,-0.02439868843331954,1.0337201280362573,0.0383345104966247
2025-03-14,0.02465264658862097,1.0183294300097705,0.03687024898955569
2025-03-15,0.014519685568090907,1.02170068732236,0.0360755855679614
2025-03-16,-0.026125312781194558,1.01742991566991,0.03512061731966853
2025-03-17,0.02074711426099319,1.0239242839244003,0.0352244982377424
2025-03-18,0.002871078927171029,1.0250929666383988,0.034946743499915556
2025-03-19,0.06277568959842908,1.0478074426267638,0.03422859381838847
2025-03-20,-0.037455863474503096,1.0505650791576018,0.03886098257472777
2025-03-21,-0.008742163255528916,1.046007470442277,0.038160839018649834
2025-03-22,0.0077013049797792395,1.0457024941803672,0.0361121862585631
2025-03-23,0.012677317190986968,1.0464763761399245,0.03494000697156995
2025-03-24,0.035361867539989184,1.044727866968726,0.03443116747266013
2025-03-25,-0.004687233608202074,1.039294738297443,0.035605729758582866
2025-03-26,-0.028736584831997834,0.9707556193145223,0.034609742532624804
2025-03-27,-0.003406125470101087,0.9708554926650911,0.03514177650125259
2025-03-28,-0.05484099578862807,0.9621526277272794,0.03434017952540172
2025-03-29,-0.03663361798023462,0.9676573092128461,0.0377836493373219
2025-03-30,-0.01161507948672106,0.964529828062211,0.037500102665095826
2025-03-31,0.009511248469109864,0.9662214656974256,0.03581453296902321
2025-04-01,0.0439932043987864,0.857035942930237,0.03481670245394731
2025-04-02,-0.05956044751702156,0.6880605015624666,0.036684042698441534
2025-04-03,0.011256974898995098,0.6880384133677655,0.03958700616602762
2025-04-04,-0.00016634769948358936,0.6742733902538484,0.036990468773241865
2025-04-05,-0.0051704843188780415,0.6731791271316625,0.03535208984141761
2025-04-06,-0.13574782128357926,0.8073654855529439,0.03447627506228153
2025-04-07,-0.013721334859379302,0.7950585536619869,0.05352407259374121
2025-04-08,-0.0546327987842089,0.7621996304170255,0.04550559807997469
2025-04-09,0.12465161047070344,0.8561008285493041,0.043636566906279775
2025-04-10,-0.09128324001492942,0.898959442110851,0.054595201904770164
2025-04-11,0.028892475031186984,0.907994303511439,0.053752966694070335
2025-04-12,0.04758695132972755,0.9247739090926598,0.04630323821950109
2025-04-13,-0.0289153938739919,0.9226287269106486,0.04331944375729374
2025-04-14,0.016204402070607807,0.9231180550959537,0.04000406414896859
2025-04-15,-0.021260952961947972,0.9219322882953838,0.03739967847070572
2025-04-16,-0.006648569648291471,0.9169630583050706,0.03616760950342958
2025-04-17,0.0028114412594665455,0.916955281483123,0.03495070601560523
2025-04-18,0.004021066122809572,0.8832397718761491,0.03423030626377095
2025-04-19,0.014990481640512511,0.8806288945576364,0.033848528919860676
2025-04-20,-0.01587852041533123,0.8811714533379165,0.03392841943514025
2025-04-21,-0.004912655332703996,0.8796002674479477,0.03400868960066586
2025-04-22,0.10653976610910525,0.9636536782379757,0.03373933989310591
2025-04-23,0.021823453566225958,0.9577618872916194,0.04669637741379026
2025-04-24,-0.014735575199703031,0.9583813565020872,0.04159462349588344
2025-04-25,0.009449256980928297,0.9558233833006644,0.03826485889383551
2025-04-26,0.019535846133511708,0.9593200406858834,0.03618774711266852
2025-04-27,-0.016054647143695623,0.9424056980219122,0.035407286159428335
2025-04-28,0.0033336826310850502,0.9341167785623168,0.034816193308798926
2025-04-29,0.00018001671360959627,0.9332596599355178,0.034160990544813925
2025-04-30,-0.0030060374028753173,0.9326531828575859,0.033788738925494936
2025-05-01,0.02501986011273316,0.9235523624988298,0.033599617550551956
2025-05-02,0.001893751208733253,0.8992141206579646,0.03434230873334535
2025-05-03,-0.004824189543207279,0.8986251339839412,0.03389215072875829
2025-05-04,-0.013862097671099437,0.8999895901852895,0.03367513066292607
2025-05-05,0.0061204042648664225,0.9000544516293725,0.033790936249159194
2025-05-06,-0.0025365944781066225,0.7549542979310886,0.03364006459351317
2025-05-07,-0.0019195641123836865,0.7524494365096088,0.033515819121737934
2025-05-08,0.19720006321216074,0.9793952108514562,0.03344510221749251
2025-05-09,0.06108753297833395,0.9113136525830208,0.06875732629624223
2025-05-10,0.09622623202823417,0.879647116597453,0.05830949799747521
2025-05-11,-0.028350466587270695,0.8929679707216105,0.05657408734467983
2025-05-12,-0.005528712106074084,0.8883063455570932,0.04804393487863905
2025-05-13,0.07101639120680912,0.8959919698084341,0.04191972234290062
2025-05-14,-0.02649071796891156,0.9089110147084124,0.04389795277031006
2025-05-15,-0.024514424159045915,0.9106517503202557,0.040186291109671875
2025-05-16,-0.004154641089668359,0.9099215437693513,0.037921098918448616
2025-05-17,-0.02416022732598703,0.9195854838524845,0.03589988358232968
2025-05-18,0.009038783738296415,0.9190035632440514,0.035514815631532845
2025-05-19,0.012305960707905102,0.9190547123613738,0.03463972164523665
2025-05-20,-0.001976377652648227,0.9144445862433296,0.03425529859392025
2025-05-21,0.01109987159403035,0.911656465844952,0.033845279213254316
2025-05-22,0.04287428444195701,0.8575076079977699,0.03378744725795016
2025-05-23,-0.053075731196588455,0.8880185739332898,0.03603858174998728
2025-05-24,0.0016627539642371373,0.8837824387154768,0.038393857495263285
2025-05-25,0.008310150759836423,0.8838314448516965,0.03615005146738867
2025-05-26,0.004837674772017543,0.8837163120080996,0.03497397078614726
2025-05-27,0.037857000045733294,0.8826490628793443,0.03426407494568966
2025-05-28,0.007162632649870233,0.8822119162398394,0.03575714299792587
2025-05-29,-0.01864939819501646,0.8881654973070526,0.03473269644436088
2025-05-30,-0.03979574968718857,0.9054502186511588,0.03457060317074061
2025-05-31,-0.0003384842587673538,0.9049915629552423,0.036109346435722084
2025-06-01,0.0028345344571224593,0.9048833684409936,0.03485966044582325
2025-06-02,0.027544438260729224,0.904960841129095,0.03418059988181385
2025-06-03,-0.005313910650714507,0.9024061311648282,0.03482617696103694
2025-06-04,0.005906599013369018,0.9024240093929362,0.034189721654193164
2025-06-05,-0.07659868477592427,0.9530039003956309,0.0338521877764687
2025-06-06,0.024895297275804328,0.9535365059934271,0.04093110992986486
2025-06-07,0.01971027093844131,0.676798151396432,0.03836921440636256
2025-06-08,-0.00624077827324931,0.6460084367452166,0.036628362129310775
2025-06-09,0.06578641928354498,0.5971656558705851,0.035200457004211545
2025-06-10,0.048052794989455826,0.6088432297669366,0.03977882315560954
2025-06-11,-0.014314884050645356,0.6113043084315102,0.039738696152099295
2025-06-12,-0.04488379180962811,0.5832445577885575,0.03717550567936151
2025-06-13,-0.027646644951977682,0.5839100746136081,0.03800324330107915
2025-06-14,-0.01801050872339616,0.5809616713468595,0.03689902650516812
2025-06-15,0.005272581093273376,0.581079679095627,0.035724893784208706
2025-06-16,-0.002450025251177809,0.5745511995492081,0.03468341867987418
2025-06-17,-0.011816150483902362,0.5754199326969395,0.03408143310279127
2025-06-18,0.0053783127371164275,0.574086317090089,0.03393713038944688
2025-06-19,-0.0010495335058742672,0.5740565633317971,0.033707233597894744
2025-06-20,-0.04640733082546842,0.5946938283017372,0.03354465121522804
2025-06-21,-0.04538295151749372,0.5906325830622151,0.036322162156409876
2025-06-22,-0.03192460094781509,0.5732675513101718,0.037613255590963235
2025-06-23,0.08332138861020585,0.6494529999593788,0.037005061450896576
2025-06-24,0.010753586923480026,0.6499716052523711,0.04353341305728706
2025-06-25,-0.011792454268337168,0.6505563280063452,0.03928596612710122
2025-06-26,-0.0013084904486505942,0.6345493903651289,0.03683331045898242
2025-06-27,0.0031901651171337433,0.6338803872232381,0.03526609493002277
2025-06-28,0.00544847929008879,0.6321429518498826,0.03440661569139949
2025-06-29,0.025861987908843406,0.6249268016136743,0.033962857680594725
2025-06-30,-0.005812878698818224,0.6252134411715663,0.03459119133093791
2025-07-01,-0.03298229937844865,0.635164064667835,0.034068967997441094
2025-07-02,0.06654592952363875,0.6713499264103434,0.03520428814566915
2025-07-03,0.007621334375845826,0.6716889907235912,0.03989780307259413
2025-07-04,-0.032354464051921744,0.6806321020986197,0.03708346925757903
2025-07-05,0.0034867008319645725,0.6241029427059247,0.03675178337805082
2025-07-06,0.021207974563753385,0.6224836087957735,0.035234167270582574
2025-07-07,-0.01103726901740234,0.6202371293236887,0.0349776574979916
2025-07-08,0.028107853381816286,0.6272678546152181,0.034399219706323994
2025-07-09,0.057670474379015416,0.6173366954659508,0.03498320639137103
2025-07-10,0.06431827026714018,0.635256929628815,0.038485139737252795
2025-07-11,0.0010286331862912074,0.6326577383875733,0.041165086170745005
2025-07-12,-0.005075463317871468,0.6102540473002638,0.037749752399661184
2025-07-13,0.010292813483774067,0.6001695430312709,0.03581381702022068
2025-07-14,0.013360440086174895,0.5951588355016664,0.03483694644211809
2025-07-15,0.04113496333191673,0.6077840495715521,0.03439907372673454
2025-07-16,0.07117212126317728,0.6464327421115361,0.036160747380398234
2025-07-17,0.030748073722898034,0.6458728042344838,0.041081107935895665
2025-07-18,0.020562632197560386,0.6464249151158687,0.038846484699831374
2025-07-19,0.012949634010720346,0.6448857467666959,0.03694065315392105
2025-07-20,0.04465825518044695,0.6191043181984486,0.035543853208403996
2025-07-21,0.001036816217104121,0.5823351429735488,0.03713037569241708
2025-07-22,-0.003787238650889784,0.5608160113233911,0.03543212260043856
2025-07-23,-0.0323769537244437,0.534066183554131,0.03450368577830188
2025-07-24,0.021343166349625905,0.5346608655770136,0.03537898153484465
2025-07-25,0.005181053863514262,0.5276507886171737,0.03506367297835261
2025-07-26,0.003783586846917838,0.5260384886180343,0.03431791834815735
2025-07-27,0.03515049208380752,0.5291351822295256,0.03389358740369639
2025-07-28,-0.0229227199194111,0.5450292313044006,0.035308113693344405
2025-07-29,0.0015905946318109279,0.5453458079949317,0.03511788279359009
2025-07-30,0.0038799029350239005,0.5419765513457918,0.03431477828592922
2025-07-31,-0.0297144425540805,0.5385039371735657,0.03389289177198509
2025-08-01,-0.05800920773041707,0.5612391134229585,0.03484088804106231
2025-08-02,-0.02779521078260077,0.5766453249689536,0.03846309912957609
2025-08-03,0.0303756623862349,0.5613523523703957,0.03716426864611191
2025-08-04,0.06143719924574832,0.5872838781472358,0.036638578669598194
2025-08-05,-0.029217285611139645,0.6045093398390542,0.039830045443324004
2025-08-06,0.01974379278503146,0.5996912539910642,0.0380286046437293
2025-08-07,0.06066555755519165,0.6208359410394646,0.03643882993447137
2025-08-08,0.02411041626824569,0.6014769688993779,0.0396212582596601
2025-08-09,0.06136011362803994,0.5983385981642633,0.03757623878970728
2025-08-10,-0.0022027595957320296,0.5992049996257769,0.04028543251565811
2025-08-11,-0.006426241550935542,0.5997110397223546,0.03724147464512837
2025-08-12,0.08259681973596456,0.6480936455188391,0.03554725545626556
2025-08-13,0.03538349736429032,0.6521548392895545,0.04274581328711733
2025-08-14,-0.04474079806887247,0.6774930935488856,0.040155270956702856
2025-08-15,-0.024072338519640694,0.6544782963484872,0.03958251350497417
2025-08-16,-0.0031148977647721,0.651080179355835,0.03755203962616293
2025-08-17,0.010583067342857232,0.6495946508493883,0.03568114981249135
2025-08-18,-0.03660110203095192,0.6673203795994684,0.03477187076642847
2025-08-19,-0.0570251441525558,0.6872594854656555,0.0358986074546658
2025-08-20,0.06211260552585306,0.7177698252073996,0.038846737626528516
2025-08-21,-0.026010882828823047,0.7252281749916688,0.04103263674102382
2025-08-22,0.1345301555861272,0.8439130062794303,0.038495963023894665
2025-08-23,-0.011503359080490645,0.8459020801451038,0.05469688173172622
2025-08-24,0.0007445011882122046,0.8462585261803353,0.04619209043942982
2025-08-25,-0.08892030986931461,0.9117178303706482,0.040752655502361054
2025-08-26,0.05070259165713758,0.9197268197380057,0.04627295356533547
2025-08-27,-0.021317945222453807,0.9191146740487949,0.04362925392464928
2025-08-28,0.0008400507082163926,0.9191613717430526,0.03974092712075006
2025-08-29,-0.03316406815035287,0.9291361317144643,0.03692081408619093
2025-08-30,0.0032058643303688183,0.9209326354081789,0.03673087776395465
2025-08-31,0.003620590588626398,0.8919827887532603,0.035219982560202145
2025-09-01,-0.017359025442644074,0.8874927118395075,0.034385205666662234
2025-09-02,0.002522157519447648,0.8839693540778204,0.03432077477441482
2025-09-03,0.02849484711440696,0.8657553199794384,0.03388424042250604
2025-09-04,-0.03466862435314752,0.8687487347806894,0.03474160306018889
2025-09-05,0.001916078854581932,0.8673725203006621,0.03570417817752142
2025-09-06,-0.007632177983046839,0.8448343244594027,0.03463963051694001
2025-09-07,0.0072510704136302725,0.8415553422852359,0.03412868277092073
2025-09-08,0.0006326428969182894,0.8141919366679682,0.03384338487925894
2025-09-09,0.00022495659480887043,0.8141403230576592,0.033617205717892604
2025-09-10,0.009264012590971931,0.8143175114731168,0.033494652641063966
2025-09-11,0.025445771445145746,0.7651094644171749,0.0335476105012263
2025-09-12,0.055375833984928235,0.7800917116300643,0.0343440758080048
2025-09-13,-0.01003190137015891,0.7644359624172913,0.037857930605973096
2025-09-14,-0.012628630251366887,0.7607701116427801,0.03597187276912325
2025-09-15,-0.018120801633332004,0.7636487740308534,0.03499539252410708
2025-09-16,-0.005150591340382687,0.7630705277010085,0.034686540762812273
2025-09-17,0.01960617454339147,0.75406236930757,0.03411109503546267
2025-09-18,-0.0006129935246967591,0.7234438454077083,0.034286293349693686
2025-09-19,-0.026268833690720465,0.6993382409284922,0.03385728375173255
2025-09-20,0.002535107207270289,0.6924993685612693,0.03456408697223919
2025-09-21,-0.006925912367546399,0.501039539901798,0.03401685979483355
2025-09-22,-0.057433330283538045,0.535583380090187,0.03377654742558333
2025-09-23,-0.00893214161372529,0.5355085098128881,0.03786850163162658
2025-09-24,-0.0028933081415406605,0.44065898404894244,0.03595091583944334
2025-09-25,-0.0711200266948419,0.4625962086207545,0.03478265549496226
2025-09-26,0.042402417497849315,0.4883324567886566,0.04042866533497109
2025-09-27,-0.0042782702597103876,0.4880659491079757,0.039492756026451775
2025-09-28,0.030104315261995657,0.49008450849710805,0.0367997748925076
2025-09-29,0.018152641761310057,0.4947246211868693,0.03641958772932337
2025-09-30,-0.017071255792248,0.49743537247954467,0.03546649175809755
2025-10-01,0.04829774681358695,0.5237856673977956,0.03489338155231175
2025-10-02,0.030958681092087215,0.5345965218007412,0.03722213258688871
2025-10-03,0.00598633191392021,0.5258414844950055,0.036715361210704664
2025-10-04,-0.0057026245883215225,0.5109690856507783,0.03524498767758497
2025-10-05,0.0058249342556798145,0.5111962945430427,0.03442515509001162
2025-10-06,0.03745846897136311,0.5249834459298842,0.03397874376752521
2025-10-07,-0.05179439967668895,0.5584112321535825,0.03557148880737027
2025-10-08,0.017039681537971894,0.5611604410008407,0.03799537952297345
2025-10-09,-0.03563558115607337,0.5760554403358329,0.036293163889957944
2025-10-10,-0.12831140837959246,0.72913308137362,0.036609806724262214
2025-10-11,-0.024336685988953978,0.7243840507447731,0.05257255784742695
2025-10-12,0.1046599548465011,0.7938252402007623,0.04532196034868239
2025-10-13,0.01927314020135495,0.7976598808848409,0.05133562888494077
2025-10-14,-0.028686087571137622,0.8020125003278739,0.0443233888413398
2025-10-15,-0.03401161563733763,0.8075055154772447,0.040575120983431204
2025-10-16,-0.023523683730590886,0.8103076988755344,0.03881359925489072
2025-10-17,-0.016097936733144195,0.8063101556325727,0.037085917643086976
2025-10-18,0.014965464892231361,0.8094526535710477,0.03574399262777226
2025-10-19,0.02395124435582602,0.8121938331328346,0.03495557297129155
2025-10-20,-0.0009765736224249387,0.8119393338755954,0.03499205293313245
2025-10-21,-0.02647199328426445,0.8156932064482988,0.03424355431294537
2025-10-22,-0.017864589534395174,0.7948503838918639,0.03478210653421639
2025-10-23,0.012500977883111481,0.7964489751231222,0.03455877825148884
2025-10-24,0.020163720301495172,0.8003832707991357,0.03421794096585637
2025-10-25,0.004792978900665804,0.7604418358101497,0.0343733791412963
2025-10-26,0.050437692043162216,0.7664771205274242,0.03393559771069076
2025-10-27,-0.009148814294667162,0.7670867839921053,0.03700968146369866
2025-10-28,-0.03403267878386088,0.7689013983410662,0.03547259663378548
2025-10-29,-0.020014178492566474,0.7682688306832305,0.03603176374913975
2025-10-30,-0.025684149923013565,0.7708966059979538,0.03534663605018421
2025-10-31,0.011162718308131604,0.7504883170577312,0.03531563014388768
2025-11-01,0.007021586687225155,0.7409972408691026,0.03458786636477205
2025-11-02,0.009473174047530416,0.741741538610022,0.0340882960812118
2025-11-03,-0.08223448305523949,0.7894358044910231,0.03387251324824626
2025-11-04,-0.08990501013567212,0.8384454542929326,0.04194324675006001
2025-11-05,0.039481668810072805,0.8399312221534718,0.04701493373221408
2025-11-06,-0.03352136366985419,0.8309838718958592,0.042973087936486076
2025-11-07,0.03647448115981518,0.8415968226428886,0.040137119917824815
2025-11-08,-0.010218549741346181,0.8362018788439537,0.03877677420575066
2025-11-09,0.05220874290983875,0.7420394629544482,0.03649840368840617
2025-11-10,-0.003960630532174714,0.737828487475197,0.038516469523116624
2025-11-11,-0.04387398640993172,0.6444315169768565,0.036236577360162905
2025-11-12,-0.0006408517068140884,0.6380766270004433,0.037402049471754205
2025-11-13,-0.054283922809847215,0.6549128068480087,0.03558434018873409
2025-11-14,-0.04071281618360177,0.658652702821439,0.03832320231521764
2025-11-15,0.020045814386644864,0.663535087670411,0.03817865576617867
2025-11-16,-0.023576197316441422,0.6653502357887998,0.03653825477680298
2025-11-17,-0.022333536068642135,0.6624612535115161,0.035826537419569524
2025-11-18,0.032028732106195945,0.6680007074221468,0.03536367195845267
2025-11-19,-0.03251421900082368,0.6727953158989588,0.03580292711907629
2025-11-20,-0.06536849882670856,0.6985688276567191,0.03607691716993507
2025-11-21,-0.023611152385789574,0.6996212320212443,0.04013484335356818
2025-11-22,0.0006897153274086759,0.6959027168425904,0.03783851915563016
2025-11-23,0.012234618260287876,0.691964162214779,0.03583132147687563
2025-11-24,0.05250671846439223,0.7251656267045494,0.03490485762371775
2025-11-25,0.0017672851723719149,0.6935217334587177,0.03775346829752908
2025-11-26,0.023348428095094007,0.704004961176824,0.035786556328597896
2025-11-27,-0.004392260426713515,0.6989855536091703,0.035402798232348175
2025-11-28,0.005874882913213043,0.6998143474941798,0.03449418363480447
2025-11-29,-0.013485997805236051,0.6973152030018033,0.034017107595151995
2025-11-30,0.00014280097860070945,0.694555530547712,0.03396028729065913
2025-12-01,-0.0662927736435053,0.7206826990911696,0.0336799201627663
2025-12-02,0.06823838280892502,0.7690387882604965,0.03914502443754418
2025-12-03,0.06258823046337834,0.7609996539068994,0.04207531588171917
2025-12-04,-0.01810241754529839,0.6975976523423941,0.04277220147110735
2025-12-05,-0.03568750802814642,0.6910682924523374,0.039087204464507766
2025-12-06,0.005202266348911221,0.6835107545728365,0.03812747001862173
2025-12-07,0.006914380156550822,0.6697401015439827,0.03602968920098767
2025-12-08,0.020657404003744346,0.6746811844416524,0.0348789394338313
2025-12-09,0.06080292642241868,0.684102712623729,0.034755190762344096
2025-12-10,0.001286434597521452,0.6842090798351818,0.038820574163422335
2025-12-11,-0.02692245348848621,0.6737359566896859,0.036392494636240835
2025-12-12,-0.048381125268667786,0.6930171766795273,0.03596565149163953
2025-12-13,0.010489822947687412,0.6695646485751512,0.0377760557143505
2025-12-14,-0.01816399360114702,0.6573323255260582,0.03593777416926576
2025-12-15,-0.03200777016588088,0.6619470605356954,0.03520216065401041
2025-12-16,-7.412721688312701e-07,0.6574585648589454,0.035715621785804154
2025-12-17,-0.045828192848759323,0.6718173241795607,0.03464104251982321
2025-12-18,-0.0015320294953636582,0.6603982962088188,0.03680321523657832
2025-12-19,0.05200157806139122,0.6789093749098674,0.03525005777913322
2025-12-20,-0.0001303602133292682,0.6373178250298835,0.03786058355200396
2025-12-21,0.008038330984924418,0.6310444137489564,0.03584323887123149
2025-12-22,0.0014847515809792915,0.6310181766376226,0.03479807970391308
2025-12-23,-0.014306326840175283,0.6327883615032855,0.034138962938163424
2025-12-24,-0.006019159755460499,0.6062144311946664,0.034056978758937956
2025-12-25,-0.014365015056822025,0.6082038779988446,0.03378211469374504
2025-12-26,0.007605038907991378,0.6028511795654387,0.033867693859117226
2025-12-27,0.007577038564263875,0.6034845572263912,0.033709567238531066
2025-12-28,0.00019327323098403297,0.6030254721606904,0.033623773304952836
2025-12-29,-0.00476952504017534,0.6015063511743908,0.033498173544148975
2025-12-30,0.012488715813386491,0.6032483137734159,0.03346207678902879
2025-12-31,-0.0014748454494985343,0.5542903150013869,0.0336271645788511
2026-01-01,0.01117969589667102,0.5016059653256476,0.033502964660706826
2026-01-02,0.04050579142356504,0.47198069649725066,0.03360622955563539
2026-01-03,0.0004783333560596635,0.46779361559330235,0.03569145308773755
2026-01-04,0.004721198192569982,0.44998618438297716,0.03462797232738988
2026-01-05,0.02683435946003148,0.4586163650470292,0.03407335369003463
2026-01-06,0.021410072765534124,0.46334277012591324,0.03471809399530451
2026-01-07,-0.039957957746070624,0.4812754198999009,0.03471100300436302
2026-01-08,-0.01992066167813984,0.4338805058227872,0.036198191348862464
2026-01-09,-0.006896412519137501,0.43397997317931897,0.035432923366332386
2026-01-10,-0.00021121695136130524,0.4249859709222146,0.03454880611601008
2026-01-11,0.011768432191719677,0.39223496768415234,0.03399980801974566
2026-01-12,-0.008552349240195838,0.39167667704805914,0.03389160074108708
2026-01-13,0.07167244785080332,0.4594762497802218,0.033743537017835924
2026-01-14,0.009773355035415114,0.4425149354095122,0.040044621219009556
2026-01-15,-0.01127779653171091,0.44557611121046176,0.037215080835322885
2026-01-16,-0.006538811242779367,0.41022709110427663,0.03564449242551772
2026-01-17,0.004052512545503773,0.40955966552180534,0.03465902085481876
2026-01-18,-0.008408684018054191,0.37555220679682566,0.034082305638772945
2026-01-19,-0.02923518479382044,0.3921848872057944,0.03384316666789446
2026-01-20,-0.08204732940901807,0.4893332579113631,0.03477721998864288
2026-01-21,0.014640674097217414,0.4922296073153131,0.042305161786849774
2026-01-22,-0.009873624051331843,0.4908833818900425,0.03867748617837767
2026-01-23,0.0012275504187740749,0.49044437693869675,0.03643296295584579
2026-01-24,-0.0015302026847261398,0.4877200482186822,0.03504182810144419
2026-01-25,-0.046095446910964524,0.5131973707678021,0.03427275240842337
2026-01-26,0.0385097283715548,0.5309482682748221,0.0366487579455539
2026-01-27,0.03219617504335294,0.5428808584088568,0.03706746841467214
2026-01-28,-0.005176321307197195,0.5429354476712389,0.03673019927519686
2026-01-29,-0.06470236643237812,0.587007955356018,0.03524137446645122
2026-01-30,-0.04197886796827195,0.603525939574405,0.03963286390821132
2026-01-31,-0.10004843937927187,0.6890167191338803,0.03901474108631958
2026-02-01,-0.07519978220290023,0.7069527616607123,0.047561201312595364
2026-02-02,0.03312814665299069,0.7224415793659789,0.047485556616383484
2026-02-03,-0.05110473707553693,0.7346616523489076,0.042751807955155756
2026-02-04,-0.03846435100865618,0.7270997945909027,0.0417014296480862
2026-02-05,-0.16268108635736284,0.8823999751122962,0.03982742901464376
2026-02-06,0.12458793243377704,1.0121286942504981,0.06184529982918821
2026-02-07,0.013078072860626821,1.0163499152223219,0.06332774278671213
2026-02-08,-0.00085486651992098,1.0170382420594886,0.051809569687156685
2026-02-09,0.007062777520560773,1.0185029330202409,0.044230951126985045
2026-02-10,-0.04078608660125563,1.019085429699288,0.03962510388726407
2026-02-11,-0.0398404875978918,1.022629492063412,0.03889281042099195
2026-02-12,0.003251056309532056,0.9759799029795092,0.03840179846806369
2026-02-13,0.05086191072713562,1.0008037033617063,0.03616460333943608
2026-02-14,0.018131871977993777,1.0079455225886138,0.03817855765253417
2026-02-15,-0.05923016066341757,1.018773267563859,0.03644521032206807
2026-02-16,0.016082623092426845,1.0227907669754017,0.039422194761553536
2026-02-17,-0.002868787898831094,1.0235462206749542,0.03706153014691842
2026-02-18,-0.019371403139241388,1.022595373732813,0.03540278849174173
2026-02-19,-0.002958901252870125,0.9954481694303935,0.034970124454185236
2026-02-20,0.010630736664791151,0.9941103212415787,0.03424210698474633
2026-02-21,0.002391647764317804,0.9956395329501266,0.033987520020392334
2026-02-22,-0.008104381025179103,0.9944462966696646,0.033702520667162755
2026-02-23,-0.053668696967508325,1.0030062970349787,0.03363140123749491
2026-02-24,-0.001366236763411363,0.9979218868943552,0.037281667103329114
2026-02-25,0.10330529755605292,1.0641870472097628,0.035518352065684454
2026-02-26,-0.013640230652308093,1.0522852350394087,0.046729690698868016
2026-02-27,-0.04853988358482078,1.058912383647367,0.04128958087721034
2026-02-28,0.017603302415937827,1.0489278746317152,0.040611475549873675
2026-03-01,-0.013311214361673498,1.0433739213994744,0.0378076630215535
2026-03-02,0.04448277882265156,1.009474782101941,0.036042243696613574
2026-03-03,-0.02219521539096451,0.9804183767892116,0.0373680050519463
2026-03-04,0.06998564880773478,1.0063004059408045,0.03620214556393106
2026-03-05,-0.02615606606712972,0.9950680789764462,0.040911006279065784
2026-03-06,-0.04585794631276462,0.9987662721139465,0.0384355473960507
2026-03-07,-0.004708868776353526,0.8153825366780859,0.03877640925914844
2026-03-08,-0.016820776457913553,0.6884111998628781,0.03639339753646502
2026-03-09,0.028673744603590037,0.6948620248793603,0.03539098537300894
2026-03-10,0.02192723447812312,0.6996941080651591,0.03555238046971464
2026-03-11,0.007069651069372213,0.6996950849129557,0.03519108112026051
2026-03-12,0.010455613837732266,0.6855555563517209,0.034419098559478264
2026-03-13,0.00932731032254328,0.6700806420163515,0.03407834111861786
2026-03-14,0.0021592233043722896,0.6700763227019264,0.033863374075449613
2026-03-15,0.03761747257489843,0.6595490956511948,0.03363389704982184
2026-03-16,0.0767490852405507,0.7075034683849072,0.035410745874308244
2026-03-17,-0.014187828746907258,0.6734730115645088,0.041658824318509334
2026-03-18,-0.05060291819156262,0.6999212182078843,0.038283125871647866
2026-03-19,-0.030523607148640667,0.7095535366101231,0.03924083025648502
2026-03-20,0.004235958585431247,0.7052243913163895,0.037794292906192475
2026-03-21,-0.033061992006107994,0.7162280473860361,0.035828899463511144
2026-03-22,-0.011449568094526609,0.7170696899796216,0.03613695000095167
2026-03-23,0.04713979833568274,0.7346266994287711,0.035048991715121575
2026-03-24,0.0016520306586044232,0.7335773327258674,0.037162703080257146
2026-03-25,0.005697480587391201,0.7042844585068296,0.035452481654079916
2026-03-26,-0.05131370661715102,0.731170859841659,0.03453928156013517
2026-03-27,-0.033727669892453536,0.6472134996224532,0.03741910999395338
2026-03-28,0.0007141663784116856,0.6456320912969816,0.03704791385868462
2026-03-29,-0.005098999439741094,0.6223665680500459,0.03538500555002404
2026-03-30,0.02044726139354914,0.6234064349312954,0.03449341215683244
2026-03-31,0.039340814763852025,0.6351588817208131,0.034536377155943154
2026-04-01,0.016038636316827372,0.6191743227548265,0.03604540366696353
2026-04-02,-0.03903857547596571,0.6300757851807552,0.03516532641920664
2026-04-03,-0.0016871461717564678,0.5791675777345634,0.03634017676828904
2026-04-04,0.005810685555501069,0.5725025180789535,0.03499183799825262
2026-04-05,0.020911357684258978,0.5523529036168701,0.03428790372341182
2026-04-06,-0.0005853459761497797,0.5518978807002775,0.034452210237902084
2026-04-07,0.06165560497032879,0.5846560582563173,0.03394754771058814
2026-04-08,-0.01620253589401509,0.5826185801189439,0.038560906012869454
